性别,身高,体重,胸围,腰围,秋执勤尺码
男,175,85,,,175/104
男,175,65,,,175/92
男,170,100,,,175/116
男,170,63,,,170/88
男,175,72,,,175/96
男,175,86,,,175/104
男,170,66,,,170/96
男,181,101,,,185/112
男,180,86,,,180/104
男,175,105,,,180/112
男,170,80,,,175/100
男,170,58,,,170/88
女,163,59,,,165/88
女,158,53,,,160/88
女,160,58,,,165/92
女,163,65,,,165/96
女,163,51,,,165/84
女,163,65,,,165/92
男,185,95,,,185/108
男,182,75,,,180/96
男,175,85,,,180/104
男,177,85,,,180/100
男,180,75,,,180/96
男,187,85,,,185/100
男,175,80,,,180/104
男,180,100,,,185/112
男,180,93,,,185/108
男,180,93,,,180/108
男,180,90,,,180/108
男,180,97,,,180/108
男,178,94,,,180/108
男,188,78,,,185/100
男,173,114,,,180/120
男,173,77,,,175/96
男,176,98,,,180/108
男,175,75,,,175/96
男,182,95,,,185/108
男,176,90,,,180/104
男,185,98,,,185/108
男,167,78,,,170/100
男,173,80,,,175/100
男,175,98,,,175/108
男,165,70,,,165/96
男,175,70,,,175/92
男,185,90,,,185/104
男,178,68,,,180/96
男,172,85,,,175/100
男,182,85,,,185/100
男,175,100,,,175/112
男,175,80,,,175/100
男,183,65,,,180/92
男,178,80,,,180/100
男,185,105,,,185/120
男,180,85,,,180/104
男,173,73,,,175/96
男,183,95,,,185/108
男,175,92,,,175/104
男,176,90,,,180/108
男,175,83,,,175/100
男,178,90,,,180/108
男,185,80,,,185/100
男,178,93,,,180/108
男,175,100,,,180/108
男,180,80,,,180/100
男,172,90,,,175/108
男,176,85,,,180/104
男,170,73,,,170/96
男,175,85,,,175/104
男,175,65,,,175/92
男,170,100,,,175/116
男,170,63,,,170/88
男,175,72,,,175/96
男,170,66,,,170/96
男,181,101,,,185/112
男,180,86,,,180/104
男,175,105,,,180/112
男,170,80,,,175/100
男,170,58,,,170/88
女,163,59,,,165/88
女,158,53,,,160/88
女,160,58,,,165/92
女,163,65,,,165/96
女,163,51,,,165/84
女,163,65,,,165/92
男,185,95,,,185/108
男,182,75,,,180/96
男,175,85,,,180/104
男,177,85,,,180/100
男,180,75,,,180/96
男,187,85,,,185/100
男,175,80,,,180/104
男,180,100,,,185/112
男,180,93,,,185/108
男,180,93,,,180/108
男,180,90,,,180/108
男,180,97,,,180/108
男,178,94,,,180/108
男,188,78,,,185/100
男,173,114,,,180/120
男,173,77,,,175/96
男,176,98,,,180/108
男,175,75,,,175/96
男,182,95,,,185/108
男,176,90,,,180/104
男,185,98,,,185/108
男,167,78,,,170/100
男,173,80,,,175/100
男,175,98,,,175/108
男,165,70,,,165/96
男,175,70,,,175/92
男,185,90,,,185/104
男,178,68,,,180/96
男,172,85,,,175/100
男,182,85,,,185/100
男,175,100,,,175/112
男,175,80,,,175/100
男,183,65,,,180/92
男,178,80,,,180/100
男,185,105,,,185/120
男,180,85,,,180/104
男,173,73,,,175/96
男,183,95,,,185/108
男,175,92,,,175/104
男,176,90,,,180/108
男,175,83,,,175/100
男,178,90,,,180/108
男,185,80,,,185/100
男,178,93,,,180/108
男,175,100,,,180/108
男,180,80,,,180/100
男,172,90,,,175/108
男,176,85,,,180/104
男,170,73,,,170/96
男,174,70,,,175/96
男,165,86,,,170/104
女,156,50,,,155/84
女,158,50,,,160/80
女,163,53,,,165/84
女,155,49,,,155/80
女,158,47,,,160/84
女,160,51,,,160/84
男,170,70,,,170/96
女,150,50,,,155/84
女,156,50,,,160/84
男,172,67,,,175/92
男,175,75,,,175/96
男,165,80,,,170/104
男,173,85,,,175/104
男,168,88,,,170/104
女,164,56,,,165/88
女,160,60,,,160/92
女,155,51,,,155/84
女,165,65,,,165/96
女,156,55,,,160/88
女,158,62,,,160/92
男,172,65,,,175/92
男,165,65,,,165/92
男,173,75,,,175/96
男,176,93,,,180/108
男,171,76,,,170/100
男,170,83,,,170/104
男,172,68,,,170/92
男,171,70,,,170/96
男,172,70,,,170/96
女,158,60,,,160/92
女,160,53,,,160/84
女,165,66,,,165/96
女,171,57,,,170/88
男,173,155,,,175/100
女,165,55,,,165/84
女,161,64,,,160/92
男,166,62,,,165/92
女,157,48.5,,,160/80
女,158,54,,,160/88
女,162,52,,,165/84
女,155,55,,,155/88
女,161,60,,,160/92
男,170,67,,,170/92
男,162,75,,,165/100
女,152,45,,,155/80
女,153,49,,,155/84
男,172,90,,,175/108
男,174,75,,,175/96
女,158,70,,,165/96
女,158,61,,,160/88
男,166,80,,,170/100
男,168,52,,,165/84
女,168,,,,170/84
男,170,83,,,170/108
男,165,58,,,165/88
男,175,62,,,175/92
男,168,62,,,170/88
男,175,85,,,175/104
男,168,72,,,170/96
男,178,68,,,180/96
男,180,77,,,180/96
男,170,68,,,170/96
男,176,86,,,180/108
女,157,51,,,160/84
男,167,65,,,170/96
男,170,75,,,170/100
男,168,70,,,170/96
男,168,69,,,170/92
男,167,73,,,170/96
男,170,73,,,175/96
男,170,63,,,170/92
男,168,63,,,170/92
男,165,53,,,165/84
女,164,60,,,165/92
男,165,68,,,165/96
女,161,67,,,165/96
女,158,48,,,160/84
男,167,63,,,170/88
男,169,76,,,170/100
男,168,74,,,170/100
男,168,66,,,170/92
女,160,58,,,160/88
女,163,60,,,165/88
女,155,47,,,155/80
女,163,52,,,165/84
女,155,53,,,155/84
女,158,66,,,160/96
女,158,52,,,160/84
女,162,90,,,175/112
女,155,52,,,155/84
男,165,55,,,165/88
女,155,64,,,160/92
男,170,85,,,170/108
男,173,60,,,175/88
男,175,95,,,180/112
女,155,62,,,160/92
女,168,65,,,170/96
男,168,60,,,170/88
男,173,68,,,175/96
男,173,61,,,175/88
女,160,65,,,165/96
女,156,56,,,160/92
男,173,66,,,175/92
男,166,70,,,170/100
女,170,63,,,170/92
女,162,59,,,165/88
女,155,64,,,160/96
女,158,72,,,165/100
女,156,48,,,160/84
男,170,50,,,170/84
男,168,65,,,170/92
女,160,50,,,160/84
女,162,58,,,165/88
女,157,53,,,160/84
女,160,52,,,160/84
女,158,60,,,160/88
女,158,50,,,160/84
男,178,80,,,180/100
女,163,60,,,165/92
男,171,75,,,170/100
男,170,86,,,170/108
男,180,85,,,180/108
女,170,60,,,170/88
男,170,85,,,175/104
男,165,61,,,165/88
女,155,50,,,155/84
男,168,75,,,170/100
男,173,90,,,175/108
男,179,56,,,180/92
女,159,55,,,160/92
男,171,74,,,170/96
男,170,74,,,170/100
男,178,68,,,180/92
男,171,65,,,170/92
男,167,75,,,170/100
女,160,68,,,165/96
女,155,45,,,155/80
男,175,82,,,175/104
男,178,70,,,180/96
男,168,64,,,170/92
男,165,55,,,165/84
男,178,75,,,180/96
男,169,74,,,170/100
女,150,55,,,155/88
女,163,59,,,165/92
女,159,65,,,165/96
男,183,65,,,180/92
男,172,75,,,175/100
男,173,65,,,175/92
男,182,80,,,180/100
女,160,46,,,160/84
男,169,65,,,170/96
男,172,55,,,170/88
男,175,70,,,175/96
女,160,63,,,160/92
女,160,45,,,160/84
男,170,60,,,170/88
女,160,55,,,160/88
女,158,75,,,165/104
男,175,73,,,175/96
女,150,42,,,155/80
女,156,57,,,160/88
女,165,53,,,165/84
女,163,52,,,165/80
男,185,92,,,185/108
男,165,78,,,170/104
男,170,54,,,170/84
女,156,53,,,160/88
女,157,55,,,160/88
男,160,60,,,165/92
男,178,100,,,180/112
女,158,65,,,165/96
女,155,45,,,155/84
女,156,43,,,155/80
女,160,55,,,160/84
女,157,65,,,160/96
女,164,59,,,165/88
女,155,48,,,155/80
女,160,65,,,160/96
女,167,52,,,170/84
女,155,55,,,160/88
女,156,41,,,155/80
男,160,58,,,165/88
女,156,58,,,160/92
女,160,61,,,160/92
男,173,67,,,175/96
男,174,80,,,175/100
男,165,63,,,165/92
男,175,78,,,175/100
男,160,75,,,165/100
男,169,60,,,170/92
男,160,63,,,160/96
男,170,65,,,170/96
男,170,66,,,170/96
男,170,72,,,170/96
男,162,66,,,165/96
男,174,60,,,175/88
男,162,67,,,165/92
女,159,60,,,160/92
男,175,79,,,175/100
男,174,55,,,175/88
女,154,45,,,155/80
男,177,76,,,180/100
男,175,130,,,175/92
男,175,98,,,175/112
女,158,51,,,160/84
女,158,45,,,160/80
男,175,80,,,175/100
男,171,64,,,170/92
女,160,54,,,160/88
女,155,54,,,160/88
女,165,75,,,165/104
男,175,90,,,175/108
男,175,65,,,175/92
女,158,49,,,160/84
女,150,47,,,155/80
女,157,56,,,160/88
女,160,45,,,160/80
男,173,74,,,175/96
女,163,54,,,165/84
女,166,59,,,165/88
男,173,73,,,175/96
女,156,61,,,160/92
男,170,66,,,170/92
男,165,65,,,165/96
女,156,70,,,165/100
女,155,58,,,160/92
男,180,94,,,180/108
女,165,62,,,165/92
女,153,55,,,155/88
男,170,55,,,170/88
男,170,70,,,170/100
男,171,62,,,170/92
男,167,49.5,,,170/84
女,152,75,,,165/100
男,177,68,,,180/96
男,165,73,,,165/100
男,172,88,,,175/104
女,159,50,,,160/84
女,170,57,,,170/88
女,158,48,,,155/84
女,165,63,,,165/92
男,160,64,,,160/92
男,175,86,,,175/104
男,168,60,,,170/92
男,172,68,,,175/96
男,175,72,,,175/96
男,173.5,69,,,175/92
男,180,75,,,180/100
男,183,100,,,185/112
男,165,60,,,165/88
女,158,55,,,160/88
男,163,60,,,165/88
男,167,55,,,170/88
男,169,60,,,170/88
女,161,48,,,160/84
男,169,70,,,170/96
男,175,60,,,175/88
男,165,60,,,165/92
男,166,67,,,165/96
男,170,60,,,170/92
男,168,70,,,170/100
男,169,75,,,170/100
女,156,45,,,155/80
女,164,70,,,165/100
男,165,68,,,165/92
男,168,80,,,170/104
男,168,68,,,170/96
男,168,84,,,170/104
男,170,65,,,170/92
男,165,63,,,165/88
男,168,52,,,170/84
男,171,63,,,175/92
女,160,50,,,160/80
男,175,67,,,175/92
男,172,80,,,175/100
男,172,75,,,175/96
男,176,75,,,175/100
女,165,53,,,165/88
男,165,77,,,165/100
男,171,56,,,170/88
男,165,56,,,165/88
女,157,72,,,165/100
男,178,81,,,180/100
女,163,55,,,165/88
女,165,57,,,165/88
女,160,48,,,160/84
男,178,72,,,180/92
女,159,46,,,160/80
男,175,88,,,175/108
女,160,75,,,165/100
女,160,95,,,160/84
女,162,48,,,160/80
女,156,48,,,160/80
女,155,49,,,155/84
男,165,70,,,170/96
男,183,80,,,185/100
男,168,57,,,170/88
男,180,75,,,180/96
男,180,80,,,180/100
男,165,62,,,165/92
男,168,68,,,170/92
男,180,78,,,180/100
男,185,100,,,185/112
女,173,74,,,175/100
男,166,68,,,170/96
女,163,69,,,165/100
女,162,53,,,165/88
女,153,50,,,155/80
男,165,54,,,165/88
男,173,75,,,175/100
男,,,,,170/92
男,175,60,,,175/92
男,167,67,,,170/92
男,178,97,,,180/108
男,160,65,,,165/92
男,165,54,,,165/84
女,168,70,,,170/96
女,168,52,,,170/84
男,176,80,,,175/100
男,168,79,,,170/100
男,170,80,,,170/100
男,175,74,,,175/96
男,178,60,,,175/88
男,168,71,,,170/96
男,165,70,,,165/96
男,175,64,,,175/92
男,170,71,,,170/96
男,174,71,,,175/96
男,172,72,,,175/96
女,162,50,,,165/84
男,165,53,,,165/88
女,166,60,,,170/92
女,163,58,,,165/92
女,173,61,,,175/92
女,160,,,,160/88
女,167,51,,,170/84
女,162,43,,,160/80
女,160,47,,,160/84
男,174,70,,,175/92
男,176,73,,,175/96
男,178,65,,,175/92
男,169,55,,,170/88
男,172,70,,,175/96
男,170,55,,,170/92
男,172,65,,,170/92
男,168,78,,,170/100
男,166,70,,,170/96
男,176,78,,,175/96
男,172,68,,,175/92
男,166,61,,,165/88
男,170,62,,,170/92
女,165,60,,,165/92
女,165,50,,,165/84
女,161,53,,,160/84
女,165,54,,,165/84
男,165,,,,165/84
男,163,70,,,165/96
男,169,65,,,170/92
男,169,62,,,170/88
男,165,81,,,170/104
男,177,80,,,175/104
男,178,90,,,180/108
女,162,65,,,165/96
女,170,70,,,170/96
男,170,82,,,170/100
男,176,62,,,175/92
男,165,52,,,165/84
男,168,72,,,170/100
男,173,71,,,170/96
男,170,65,,,175/92
男,172,75,,,170/100
男,176,65,,,175/92
男,169,58,,,170/88
男,168,53,,,170/88
男,172,58,,,175/92
女,166,75,,,170/100
女,161,50,,,160/84
男,177,75,,,175/96
女,150,49,,,155/84
女,167,63,,,170/92
女,165,56,,,165/88
男,172,77,95,92,175/100
男,166,68,92,90,170/96
男,173,83,100,98,175/104
男,172,70,100,92,175/96
男,180,85,98,98,180/104
男,173,58,92,88,175/88
男,171,75,96,88,170/100
男,175,65,96,84,175/96
男,168,70,100,98,170/96
女,164,60,92,80,165/92
男,170,85,100,90,170/104
女,160,56,92,86,160/88
男,175,98,112,112,175/112
男,180,77,96,90,180/100
男,175,75,96,92,175/100
男,170,68,92,90,170/96
男,175,80,104,94,175/104
女,158,53,87,78,160/88
男,170,68,100,90,170/96
男,173,76,102,92,175/100
男,175,75,96,90,175/100
男,165,70,90,90,165/96
男,171,71,90,91,175/96
男,165,70,,,165/96
女,160,70,,,165/100
男,170,60,,,170/88
男,180,100,,,180/116
男,165,75,,,170/100
男,165,60,,,165/92
男,170,87,,,170/108
男,166,58,,,170/88
男,175,75,,,175/100
男,170,68,,,170/96
男,173,77,,,175/100
男,162,65,100,95,165/96
男,172,80,105,105,175/104
男,185,168,118,100,185/108
男,165,67,100,90,170/96
男,168,70,100,105,170/96
男,172,85,110,110,175/104
女,160,48,80,64,160/80
男,163,72,105,105,165/100
男,165,80,110,110,170/104
男,173,65,92,88,175/96
男,170,75,105,100,170/100
男,169,45,85,75,170/84
男,172,62,85,86,175/88
男,168,75,100,110,170/100
男,180,93,115,115,180/108
女,170,55,95,74,170/88
女,164,60,85,66,165/88
男,170,55,85,83,170/88
男,175,80,96,94,175/104
男,168,63,95,90,170/92
男,168,78,95,92,170/100
男,176,68,97,95,175/96
男,178,65,90,88,180/96
男,180,85,96,95,180/104
男,175,79,105,105,175/100
男,178,80,105,105,175/104
男,165,65,92,85,165/96
男,165,67,95,86,170/96
男,169,67.5,92,88,170/96
男,168,67.5,94,96,170/96
男,172,80,105,100,175/104
男,174,72.5,95,85,175/96
男,177,105,126,125,180/120
男,174,73.5,99,86,175/96
男,174,85,100,90,175/104
男,175,72,96,92,175/96
男,165,55,87,83,165/88
男,165,55,86,85,165/88
男,185,100,128,128,185/112
男,175,67,95,88,175/96
男,170,75,100,88,170/100
男,173,75,102,100,175/100
男,166,51,82,74,165/84
女,155,56,86,80,160/88
男,163,55,82,87,165/88
男,165,76,100,95,165/100
男,165,53,90,82,165/88
男,168,77,99,100,170/100
男,180,75,102,96,180/100
男,182,87,105,95,180/104
男,171,70,105,95,170/96
男,171,60,95,90,170/92
男,178,87,105,100,180/104
男,170,83,105,100,170/104
男,169,70,90,88,170/96
男,170,72,106,98,170/100
男,168,73,100,92,170/100
男,175,95,125,103,180/112
男,168,64,95,90,170/96
女,160,49,88,65,160/84
女,160,48,85,66,160/84
男,173,78,102,92,175/100
男,183,72,100,95,180/96
女,164,55,82,69,165/88
女,164,50,80,69,165/84
女,165,55,84,74,165/88
女,164,56,84,74,165/88
女,153,50,84,78,160/84
男,165,70,96,90,170/100
女,161,56,88,85,165/92
男,162,70,99,101,165/100
男,165,80,109,98,170/104
男,183,95,110,108,185/108
男,167,75,98,102,170/100
男,172,93,104,98,175/108
男,175,68,96,87,175/96
女,155,48,90,71,160/84
女,155,55,95,80,160/88
女,163,60,95,92,165/92
男,175,75,90,96,175/100
女,164,65,95,88,165/96
女,160,50,80,69,160/84
男,175,80,90,85,175/100
女,162,44,79,60,160/80
男,178,79,110,100,180/100
男,170,70,90,96,175/96
男,172,90,110,110,175/108
女,165,62,92,88,165/92
男,170,75,98,95,170/100
男,180,78,95,90,180/100
男,172,89,108,98,175/108
男,165,60,88,78,165/92
男,177,85,104,96,175/104
女,165,60,83,90,165/92
男,170,70,97,94,170/96
男,179,76,96,91,180/100
男,173,83,100,94,175/104
男,172,75,102,96,175/100
男,175,65,94,91,175/96
男,172,88,112,109,175/108
男,170,65,91,90,170/96
男,183,90,103,94,185/104
男,173,72,96,90,175/100
男,172,80,96,88,175/100
男,168,73,90,88,170/100
男,177,73,102,92,180/100
男,175,76,95,98,175/100
男,175,70,100,93,175/96
男,175,75,96,94,175/100
男,165,52,84,73,165/84
男,173,74,100,95,175/100
男,178,67,82,96,180/96
男,170,73,101,94,170/100
男,175,80,108,92,175/104
男,175,90,104,100,175/108
男,170,70,104,100,170/104
男,178,90,110,104,180/108
女,162,60,94,90,165/92
男,175,80,104,100,175/104
男,172,75,95,90,175/100
男,178,73,96,86,180/100
男,174,52,85,83,170/84
男,177,76,101,86,175/100
男,180,73,93,90,180/100
男,170,60,100,90,170/92
男,170,75,100,100,170/100
男,167,68,92,94,170/96
男,170,65,95,90,170/96
男,173,79,104,102,175/100
男,173,57,85,83,175/88
男,178,80,100,90,180/104
男,172,63,92,89,170/92
男,169,62,98,90,170/92
男,183,90,105,100,180/108
男,170,63,93,90,170/92
男,180,92,105,100,180/108
男,178,70,90,85,180/96
男,174,90,108,105,175/108
男,171,96,124,115,175/112
男,173,55,92,88,175/88
男,177,60,86,78,170/92
女,160,58,,,165/92
男,174,80,96,90,175/104
男,170,72,94,90,170/100
男,165,67,90,82,170/96
男,165,65,91,82,165/96
女,160,48,,,160/84
男,168,80,100,94,170/104
女,160,,,,160/84
男,172,64,,,175/92
男,170,,,,170/96
男,170,80,,,170/104
男,176,,,,175/92
男,170,65,,,170/96
男,162,60,,,175/88
男,169,55,,,170/88
男,180,80,96,92,180/104
女,163,59,,,165/92
女,164,52,90,72,165/88
女,163,53,,,165/84
男,173,90,115,100,175/108
女,162,55,86,72,165/88
女,160,47,75,68,160/80
女,162,58,80,75,165/92
女,152,57,100,74,165/88
男,172,76,94,92,175/100
男,170,83,103,103,170/104
男,165,83,103,103,170/104
女,160,53,84,70,160/84
女,153,53,84,72,160/88
女,160,56,93,75,160/92
女,160,51,80,68,160/84
男,176,74,96,88,175/100
女,162,70,100,91,165/100
女,168,60,95,84,165/92
男,173,60,93,90,175/92
男,178,70,95,87,180/100
男,173,65,92,86,175/96
男,175,75,110,100,175/100
男,175,72,95,90,175/100
男,175,65,90,88,175/96
男,180,75,110,100,180/100
男,168,55,90,85,170/88
男,170,62,90,85,170/92
男,166,58,90,80,165/92
男,180,76,97,85,180/100
男,172,80,100,98,175/104
男,175,96,,98,175/112
男,174,52,75,65,170/84
女,163,53,85,70,165/84
女,161,51,84,66,160/84
女,160,45,85,63,160/84
女,160,45,,,160/80
女,160,49,88,76,160/84
女,170,56,88,66,170/92
女,160,53,85,65,160/88
女,160,60,91,78,165/92
女,162,55,90,78,165/88
女,161,60,,,165/92
女,163,50,85,67,165/88
女,163,68,91,78,165/96
女,166,58,85,77,165/92
男,170,64,90,71,170/92
男,171,75,85,86,175/100
男,170,73,95,98,170/100
男,170,67,82,80,170/96
男,180,80,100,100,180/104
男,170,74,100,100,170/100
男,165,65,90,86,165/96
男,170,70,100,90,175/96
男,168,65,88,80,170/96
男,170,58,90,70,170/92
男,170,60,90,70,170/92
男,175,58,85,70,175/92
男,170,58,85,70,170/92
男,173,88,100,98,175/108
男,185,90,100,98,185/108
男,175,80,96,96,175/104
女,161,60,80,85,165/92
女,160,45,75,65,160/80
女,163,65,80,85,165/96
男,178,76,100,90,180/100
男,170,63,90,78,170/92
男,173,70,90,75,175/96
男,178,72,100,90,180/100
男,175,65,100,90,175/96
男,170,75,99,92,175/100
男,175,75,95,90,175/100
男,170,68,95,90,170/96
男,168,65,95,88,170/96
男,175,60,85,80,170/92
男,170,65,92,88,170/96
男,180,80,,,180/100
男,189,90,,,185/108
男,172,79,95,93,175/100
男,185,80,,,185/100
男,175,95,110,110,175/108
男,175,65,105,94,175/96
男,172,65,90,79,175/96
男,174,69,95,85,175/96
男,170,58,79,71,170/88
男,175,85,105,105,175/104
男,177,78,100,92,175/100
男,166,75,105,105,170/100
男,178,88,100,100,180/108
男,170,70,100,100,170/100
男,170,60,92,80,170/92
男,175,70,99,100,175/96
女,167,58,84,72,170/88
女,162,60,100,80,165/92
女,165,60,90,70,165/92
女,160,58,85,82,160/88
女,160,50,98,78,160/88
男,174,62,100,90,175/92
女,160,53,84,67,160/84
男,173,82,,,175/104
男,170,65,88,84,170/96
女,163,48,85,65,165/84
男,170,61,90,80,170/92
男,165,65,90,85,165/92
男,178,80,104,100,180/104
男,168,58,88,84,170/88
男,175,70,88,84,175/96
男,165,62,86,84,165/92
男,176,81,88,88,180/104
男,175,66,,,175/96
男,175,72,100,92,175/100
男,168,60,90,80,170/92
男,178,85,100,98,180/104
男,169,70,96,90,170/96
男,168,65,92,84,170/92
男,172,86,110,108,175/108
男,170,58,88,84,170/88
男,171,68,100,96,170/96
男,168,60,88,84,170/92
男,171,63,92,90,170/92
男,170,63,90,80,170/92
男,173,65,86,84,175/96
男,170,62,92,88,170/92
男,170,75,98,96,170/100
男,170,60,88,84,170/88
男,171,62,90,86,170/92
男,173,82,100,90,175/104
男,170,85,106,104,175/104
男,170,65,100,88,170/96
男,174,63,96,94,175/96
男,178,60,94,92,180/92
男,170,75,100,98,170/100
男,173,75,100,98,175/100
男,175,84,102,100,175/104
女,162,62,98,78,165/92
男,182,81,98,90,180/104
男,167,67,95,85,170/96
男,173,90,108,106,175/108
男,172,53,88,84,170/88
男,165,57,88,84,165/88
男,175,85,104,100,175/104
男,169,75,106,102,170/100
男,173,74,96,92,175/100
男,177,89,100,102,180/108
男,178,75,100,96,180/100
男,168,70,96,92,170/96
女,161,100,84,73,165/84
女,158,136,100,92,165/100
女,160,100,86,70,160/84
女,156,104,86,74,160/88
男,168,142,94,88,170/96
男,172,144,98,91,175/96
男,174,138,93,83,175/92
男,165,132,95,87,165/92
女,158,100,87,72,160/88
女,160,98,83,79,160/84
女,155,96,80,66,160/80
女,158,125,93,84,165/92
男,166,132,90,86,165/92
女,153,116,88,81,160/92
女,164,138,99,83,170/100
女,156,108,88,82,160/88
女,160,118,91,83,165/92
男,171,145,93,86,170/96
女,165,115,86,75,165/88
女,165,105,83,77,165/84
女,165,130,97,87,170/96
女,160,96,84,86,160/84
女,160,105,89,75,160/88
女,163,115,87,79,165/88
女,154,125,100,83,160/100
女,158,110,84,73,165/88
女,158,99,84,73,160/84
女,155,92,85,74,160/84
女,163,118,90,81,165/92
女,170,130,96,82,175/96
女,158,125,99,82,165/96
女,164,122,93,81,170/92
女,166,100,84,71,170/88
女,158,96,82,77,160/84
女,159,102,85,78,160/84
男,180,158,97,95,180/100
男,165,112,89,80,165/88
男,174,105,84,76,175/88
女,150,90,83,75,155/84
女,164,140,99,92,170/100
男,165,135,94,83,165/96
男,170,126,84,81,170/88
男,178,180,107,101,180/108
女,162,105,86,79,165/88
女,163,115,89,66,165/88
男,170,138,88,88,170/92
男,178,185,101,95,180/108
男,170,160,100,95,170/104
女,165,110,92,75,170/88
男,175,136,93,91,175/92
男,178,136,93,94,180/92
男,178,166,96,91,180/100
男,170,166,96,97,170/104
男,177,96,104,98,180/108
女,161,114,91,82,165/92
女,158,92,78,73,160/84
女,158,96,84,74,160/84
男,167,132,90,85,170/92
男,178,170,102,90,180/104
男,170,122,88,82,170/88
男,168,128,88,82,170/92
男,168,142,96,88,170/96
男,169,146,98,90,170/100
男,171,146,101,90,170/100
男,168,120,88,84,170/88
男,172,170,101,100,175/104
男,180,152,94,87,180/96
男,175,130,91,86,175/92
男,170,145,96,86,170/96
女,155,92,81,73,160/80
男,178,185,104,100,180/104
男,170,137,92,85,170/92
男,170,145,91,85,170/96
男,169,160,99,97,170/104
男,170,120,86,83,170/88
男,168,106,82,79,170/88
男,170,144,93,82,170/96
男,167,135,91,87,170/92
女,166,95,79,71,165/84
男,171,167,103,95,170/104
男,170,190,117,105,175/112
男,172,180,105,102,175/108
男,170,158,102,90,170/104
女,164,140,99,93,170/100
男,172,140,100,80,175/96
女,156,95,83,70,160/84
男,170,140,99,86,170/96
女,160,99,86,73,160/84
男,170,148,94,89,170/100
女,160,120,92,83,165/92
男,170,172,108,105,175/108
女,160,85,77,67,160/80
男,175,148,92,92,175/96
女,153,100,86,68,155/88
男,176,140,105,88,175/96
男,177,120,95,85,175/92
男,175,150,100,90,175/100
男,165,140,95,88,165/96
女,160,126,90,80,165/96
女,160,110,92,83,160/92
男,165,142,91,90,165/96
男,173,150,97,90,175/96
男,170,132,92,83,170/92
男,161,122,90,81,165/88
男,173,190,109,104,175/108
男,169,112,117,115,175/116
男,183,190,133,131,185/108
男,170,136,91,90,170/96
女,162,110,90.5,86,165/92
女,164,94,81,73,165/84
女,168,120,91,79,170/92
女,156,110,92,83,160/92
女,164,104,81,77,165/84
女,165,102,80,78,165/84
女,162,120,95,81,165/92
女,158,94,83,76,160/84
男,172,120,92,82,170/92
男,174,142,101,103,175/96
男,168,104,92,81,170/88
男,171,136,112,106,170/96
男,172,150,112,106,170/100
男,180,190,126,97,180/108
男,173,158,114,97,175/100
男,176,160,112,97,175/104
男,174,178,112,108,175/108
男,165,112,86,80,165/88
男,170,166,97,98,170/104
男,180,130,84,81,180/92
男,178,146,95,85,180/96
男,176,148,91,87,175/96
男,175,170,101,93,175/104
男,172,130,90,75,175/92
女,162,118,93,82,165/92
男,175,130,91,75,175/92
男,170,110,94,73,170/88
女,166,136,91,88,170/96
男,165,120,108,76,165/88
男,170,148,93,89,170/100
男,175,130,92,74,175/92
男,175,146,89,93,175/96
男,178,140,89,88,180/96
男,165,128,90,87,165/92
女,160,145,98,88,165/100
男,178,220,113,101,180/120
男,168,130,90,85,170/92
男,180,140,93,85,180/96
男,175,140,83,84,175/96
男,177,118,87,103,175/88
男,178,120,87,100,175/92
男,170,120,90,103,170/92
男,178,130,91,102,180/92
男,178,152,102,107,180/100
男,178,180,94,108,180/108
女,160,120,92,72,165/92
男,173,158,105,114,175/100
男,178,110,86,103,175/88
男,177,130,92,100,175/92
男,172,180,109,102,175/108
男,172,190,108,101,175/108
男,175,151,93,89,175/100
男,168,140,98,84,170/96
男,170,180,121,101,175/112
男,170,126,90,81,170/92
男,186,132,86,83,180/92
男,170,175,110,101,175/108
男,170,124,82,86,170/92
男,175,200,120,115,180/116
男,165,118,86,75,165/88
男,175,170,106,98,175/104
女,158,116,90,85,160/92
男,173,160,99,93,175/104
男,173,155,102,97,175/100
男,175,140,100,95,175/96
男,171,165,107,110,170/104
男,174,140,93,82,175/92
男,170,122,86,85,170/88
男,170,150,86,84,170/100
男,170,120,86,85,170/88
男,165,106,83,82,165/84
男,165,138,96,90,165/96
男,170,150,100,94,170/100
男,160,124,95,83,165/92
男,169,150,118,91,170/100
男,175,124,88,75,175/88
男,178,180,120,98,180/108
男,176,150,110,95,175/100
女,159,120,95,82,165/92
女,160,58,,,160/92
女,155,56,,,160/88
女,160,70,,,165/100
女,160,72.5,,,165/100
女,160,90,,,170/112
女,160,57.5,,,160/92
女,156,55,,,160/88
女,167,55,,,170/92
女,160,69,,,165/100
男,180,77,,,180/100
男,168,67.5,,,170/92
男,167,65,,,170/92
男,175,80,,,175/104
男,175,60,,,175/88
男,180,89,,,180/104
男,170,77,,,170/100
男,170,70,,,170/96
男,188,120,,,190/120
男,178,88,,,180/104
男,170,70,,,170/92
男,175,72.5,,,175/96
男,172,81,,,175/100
男,185,90,,,185/108
男,172,75,,,175/96
男,168,60,,,170/88
男,170,83.5,,,170/104
男,170,80,,,170/104
男,182,90,,,180/108
男,185,75,,,180/96
男,170,67.5,,,170/92
男,172,80,,,175/100
男,170,73,,,170/96
男,175,67.5,,,175/92
男,170,69,,,170/96
男,172,72,,,175/96
男,165,75,,,165/100
男,173,55,,,175/88
男,167,88,,,170/108
女,150,47,,,155/84
女,163,49,,,165/84
男,178,89,,,180/108
男,178,61,,,175/88
男,168,75,,,170/100
男,174,68,,,175/92
男,165,72,,,165/96
女,163,56,,,165/88
男,170,58,,,170/88
女,163,51,,,165/84
男,176,72.5,,,175/96
男,170,66,,,170/92
男,175,65,,,175/92
男,178,97,,,180/112
女,163,53,,,165/84
女,163,78,,,170/104
女,155,55,,,160/88
女,156,59,,,160/92
女,152,55,,,155/88
男,176,84,,,175/104
男,173,76,,,175/100
男,170,68,,,170/92
男,177,100,,,180/116
男,180,75,,,180/96
男,182,110,,,185/120
男,180,80,,,180/104
男,170,62,,,170/92
男,172,89,,,175/108
男,172,69,,,170/96
男,174,57.5,,,175/88
男,170,75,,,170/100
男,173,75,,,175/100
男,172,70,,,170/96
男,183,90,,,185/104
男,180,85,,,180/104
男,172,90,,,175/108
男,175,70,,,175/96
男,177,72,,,175/96
男,170,71,,,170/96
男,180,80,,,180/100
男,168,55,,,170/88
男,175,75,,,175/96
男,177.5,80,,,180/100
男,173,70,,,175/96
男,180,82,,,180/104
男,172,81.5,,,175/104
男,172,83,,,175/104
男,169,73,,,170/96
男,177,75,,,180/96
男,175,100,,,180/112
男,170,60,,,170/92
男,170,50,,,170/84
男,165,72.5,,,165/96
男,181,80,,,180/100
男,172,87.5,,,175/104
男,172,80,,,175/104
男,176,95,,,180/112
男,174,114,,,180/120
男,173,88.5,,,175/108
男,179,71,,,180/96
男,180,62,,,180/92
男,167,90,,,170/108
男,174,58,,,175/88
男,171,87,,,170/108
男,170,63,,,170/92
男,172,63,,,175/92
男,170,85,,,170/104
男,175,95,,,175/108
男,175,78,,,175/100
女,164,75,,,170/104
男,176,75,,,175/96
女,165,58,,,165/92
女,160,54,,,160/88
女,165,72.5,,,170/100
男,183,80,,,185/100
男,180,84,,,180/104
男,181,96,,,180/112
男,183,82,,,185/100
男,182,80,,,180/100
男,178,123,,,185/128
男,171,82,,,170/104
男,172,85,,,175/104
男,180,95,,,180/112
男,170,91,,,170/108
男,171,75,,,170/100
男,175,73,,,175/96
男,173,85,,,175/104
男,170,55,,,170/88
男,175,75,,,175/100
男,178,80,,,180/100
女,169,55,,,170/88
男,180,95,,,180/108
男,170,67,,,170/92
男,165,70,,,165/96
男,175,100,,,175/112
男,180,76,,,180/100
男,167,55,,,170/88
男,185,115,,,185/120
男,178,97,,,180/108
男,185,99,,,180/112
男,190,84,,,185/104
女,160,55,,,160/88
男,175,77,,,175/100
男,178,75,,,180/100
男,174,75,,,175/100
女,169,52,,,170/88
女,160,62,,,165/92
女,165,70,,,170/100
男,178,65,,,180/92
男,177,97,,,180/112
男,177,86,,,180/104
男,173,68,,,175/92
男,178,62,,,175/88
男,183,73,,,180/96
男,180,65,,,180/92
女,163,57,,,165/88
男,165,58,,,165/88
男,168,67.5,,,170/96
男,173,97,,,175/112
女,158,48,,,165/84
女,165,55,,,165/88
女,158,51,,,160/84
女,158,52,,,160/84
女,165,56,,,165/88
女,160,49,,,160/84
女,169,58,,,170/92
女,160,62,,,160/92
男,170,83,,,170/104
女,161,55,,,165/88
男,185,100,,,185/112
男,175,90,,,175/108
男,173,88,,,175/104
男,178,67,,,180/92
男,172,78,,,175/100
男,171,90,,,175/108
男,165,57,,,165/88
男,168,70,,,170/96
男,168,95,,,170/112
男,171,80,,,170/104
男,170,60,,,170/88
男,180,70,,,180/96
男,171,65,,,170/92
男,175,84,,,175/104
男,161,58,,,165/92
男,190,110,,,190/116
男,167,71,,,170/96
男,178,85,,,180/104
男,170,79,,,170/104
男,165,77,,,165/100
男,178,73,,,180/96
男,183,98,,,185/112
男,178,78,,,180/100
男,190,85,,,185/104
男,176,87,,,180/104
女,163,54,,,165/88
男,190,90,,,185/108
男,180,92,,,180/108
女,167,49,,,170/88
男,181,82,,,180/100
男,187,85,,,185/104
男,178,72,,,175/96
女,161,62.5,,,165/96
女,168,58,,,170/92
女,160,58,,,160/92
女,155,56,,,160/92
女,160,70,,,165/100
女,160,72.5,,,165/100
女,160,90,,,170/112
女,160,57.5,,,160/92
女,156,55,,,160/88
女,167,55,,,170/92
女,160,69,,,165/100
男,180,77,,,180/100
男,168,67.5,,,170/92
男,167,65,,,170/92
男,175,80,,,175/104
男,175,60,,,175/88
男,180,89,,,180/104
男,170,77,,,170/100
男,170,70,,,170/96
男,188,120,,,190/120
男,178,88,,,180/104
男,175,72.5,,,175/96
男,172,81,,,175/100
男,185,90,,,185/108
男,172,75,,,175/96
男,168,60,,,170/88
男,170,83.5,,,170/104
男,170,80,,,170/104
男,182,90,,,180/108
男,185,75,,,180/96
男,170,67.5,,,170/92
男,172,80,,,175/100
男,170,73,,,170/96
男,175,67.5,,,175/92
男,170,69,,,170/96
男,172,72,,,175/96
男,165,75,,,165/100
男,173,55,,,175/88
男,167,88,,,170/108
女,150,47,,,155/84
女,163,49,,,165/84
男,178,89,,,180/108
男,178,61,,,175/88
男,168,75,,,170/100
男,174,68,,,175/92
男,165,72,,,165/96
女,163,56,,,165/88
男,170,58,,,170/88
女,163,51,,,165/84
男,176,72.5,,,175/96
男,170,66,,,170/92
男,175,65,,,175/92
男,178,97,,,180/112
女,163,53,,,165/84
女,163,78,,,170/104
女,155,56,,,160/88
女,155,55,,,160/88
女,156,59,,,160/92
女,152,55,,,155/88
男,176,84,,,175/104
男,173,76,,,175/100
男,170,68,,,170/92
男,177,100,,,180/116
男,180,75,,,180/96
男,182,110,,,185/120
男,180,80,,,180/104
男,170,62,,,170/92
男,172,89,,,175/108
男,172,69,,,170/96
男,174,57.5,,,175/88
男,170,75,,,170/100
男,173,75,,,175/100
男,172,70,,,170/96
男,183,90,,,185/104
男,180,85,,,180/104
男,172,90,,,175/108
男,175,70,,,175/96
男,177,72,,,175/96
男,170,71,,,170/96
男,180,80,,,180/100
男,168,55,,,170/88
男,175,75,,,175/96
男,177.5,80,,,180/100
男,173,70,,,175/96
男,180,82,,,180/104
男,172,81.5,,,175/104
男,172,83,,,175/104
男,169,73,,,170/96
男,177,75,,,180/96
男,175,100,,,180/112
男,170,60,,,170/92
男,170,50,,,170/84
男,165,72.5,,,165/96
男,181,80,,,180/100
男,172,87.5,,,175/108
男,172,80,,,175/104
男,176,95,,,180/112
男,174,114,,,180/120
男,173,88.5,,,175/108
男,179,71,,,180/96
男,180,62,,,180/92
男,167,90,,,170/108
男,174,58,,,175/88
男,171,87,,,170/108
男,170,63,,,170/92
男,172,63,,,175/92
男,170,85,,,170/104
男,175,95,,,175/108
男,175,78,,,175/100
女,164,75,,,170/104
男,176,75,,,175/96
女,165,58,,,165/92
女,160,54,,,160/88
女,165,72.5,,,170/100
男,183,80,,,185/100
男,180,84,,,180/104
男,181,96,,,180/112
男,183,82,,,185/100
男,182,80,,,180/100
男,178,123,,,185/128
男,171,82,,,170/104
男,172,85,,,175/104
男,180,95,,,180/112
男,170,91,,,170/108
男,171,75,,,170/100
男,175,73,,,175/96
男,173,85,,,175/104
男,170,55,,,170/88
男,175,75,,,175/100
男,178,80,,,180/100
女,169,55,,,170/88
男,180,95,,,180/108
男,170,67,,,170/92
男,165,70,,,165/96
男,175,100,,,175/112
男,180,76,,,180/100
男,167,55,,,170/88
男,185,115,,,185/120
男,185,99,,,180/112
男,190,84,,,185/104
女,160,55,,,160/88
男,175,77,,,175/100
男,178,75,,,180/100
男,174,75,,,175/100
女,169,52,,,170/88
女,160,62,,,165/92
女,165,70,,,170/100
男,178,65,,,180/92
男,177,97,,,180/112
男,177,86,,,180/104
男,173,68,,,175/92
男,178,62,,,175/88
男,183,73,,,180/96
男,180,65,,,180/92
女,163,57,,,165/88
男,165,58,,,165/88
男,168,67.5,,,170/96
男,173,97,,,175/112
女,158,48,,,165/84
女,165,55,,,165/88
女,158,51,,,160/84
女,158,52,,,160/84
女,165,56,,,165/88
女,160,49,,,160/84
女,169,58,,,170/92
男,170,83,,,170/104
女,161,55,,,165/88
男,185,100,,,185/112
男,175,90,,,175/108
男,173,88,,,175/108
男,178,67,,,180/92
男,172,78,,,175/100
男,171,90,,,175/108
男,165,57,,,165/88
男,168,70,,,170/96
男,168,95,,,170/112
男,171,80,,,170/104
男,170,60,,,170/88
男,180,70,,,180/96
男,171,65,,,170/92
男,175,84,,,175/104
男,161,58,,,165/92
男,190,110,,,190/116
男,167,71,,,170/96
男,178,85,,,180/104
男,170,79,,,170/104
男,165,77,,,165/100
男,178,73,,,180/96
男,183,98,,,185/112
男,178,78,,,180/100
男,190,85,,,185/104
男,176,87,,,180/104
女,163,54,,,165/88
男,190,90,,,185/108
男,180,92,,,180/108
女,167,49,,,170/88
男,181,82,,,180/100
男,187,85,,,185/104
男,178,72,,,175/96
女,161,62.5,,,165/96
女,168,58,,,170/92
男,170,83,,96,170/104
男,173,72,,86,175/96
男,176,79,,96,175/104
男,181,123,,130,190/130
女,166,63,,82,170/92
女,166,95,,118,170/112
女,164,58,,72,165/92
女,170,90,,109,170/108
男,180,170,,2,180/104
男,182,150,,2,180/100
女,164,120,,2,165/92
女,162,130,,2,165/96
男,180,210,,3,180/112
男,170,145,,2,170/100
男,170,170,,2,170/108
男,173,150,96,96,175/96
男,172,132,88,82,175/88
女,165,103,82,78,165/84
女,165,178,112,110,男170/112
女,160,110,88,77,165/88
女,164,122,99,84,170/96
女,168,114,84,73,170/88
女,165,90,78,67,165/84
女,160,84,76,66,160/80
女,163,125,94,98,165/96
男,170,178,112,111,170/112
男,174,128,89,83,175/88
男,172,130,89,85,175/88
男,183,140,94,80,180/92
男,165,111,86,82,165/88
男,178,176,100,97,180/100
男,179,118,84,70,175/88
男,178,160,105,92,180/100
男,184,154,94,87,180/96
男,170,132,93,90,170/92
男,170,110,88,79,170/88
男,175,140,96,92,175/96
男,168,120,92,80,170/92
男,170,170,105,99,170/104
男,170,143,94,91,170/96
女,163,100,88,72,165/84
男,174,142,95,85,175/96
男,180,175,106,101,180/108
男,176,150,99,93,175/96
男,179,125,94,82,180/92
男,179,180,104,96,180/108
男,173,160,110,98,175/104
女,162,130,95,90,165/96
男,172,104,78,76,170/84
女,158,130,99,87,165/96
男,178,155,90,95,180/96
男,166,137,97,86,165/96
男,176,160,98,97,175/100
女,163,110,85,81,165/88
女,167,110,88,76,170/88
男,166,120,87,81,165/88
男,172,154,102,87,170/100
男,178,200,118,108,180/116
男,172,180,112,102,175/108
男,175,170,102,90,175/104
男,173,180,109,97,175/108
男,170,160,107,104,170/104
男,175,120,88,84,175/88
男,165,200,103,99,170/112
男,165,130,91,92,165/92
男,175,190,113,105,175/112
女,165,112,90,77,165/88
女,168,120,88,80,170/92
男,176,152,95,90,175/100
男,168,100,84,78,165/84
男,175,160,98,92,175/100
男,172,160,108,101,175/104
男,170,155,97,90,170/100
男,170,125,92,82,170/92
男,172,145,95,88,170/96
男,174,160,101,94,175/100
女,165,125,98,81,170/96
女,164,110,86,81,165/88
男,176,172,104,92,175/104
男,170,170,104,92,170/104
男,173,160,109,96,175/104
男,170,104,81,79,165/84
男,175,150,96,93,175/96
男,180,175,115,105,180/108
男,175,150,99,93,175/100
男,168,170,108,98,170/104
男,172,130,90,89,170/92
男,167,106,77,83,165/84
男,179,158,103,93,180/100
男,183,145,94,91,180/96
男,172,125,95,85,170/92
男,170,144,102,89,170/100
男,180,110,83,82,175/88
男,168,146,100,93,170/100
男,170,155,103,92,170/100
男,183,150,87,89,180/96
男,170,140,88,88,170/96
男,172,150,94,88,175/100
男,174,138,91,89,175/92
男,176,158,99,94,175/100
男,173,100,82,72,170/84
女,160,84,81,70,160/80
女,162,98,80,60,165/84
男,170,126,95,84,170/92
男,176,190,111,105,180/112
男,170,145,98,95,170/100
男,176,120,84,74,175/88
男,168,122,89,81,170/88
男,173,182,104,102,175/108
男,165,132,92,87,165/92
男,165,124,92,85,165/92
男,170,100,75,65,165/84
男,172,132,91,90,170/92
男,174,166,103,92,175/104
男,169,142,93,90,170/96
男,170,142,95,89,170/96
男,170,130,91,86,170/92
男,172,135,90,84,175/92
男,170,128,94,81,170/92
女,160,128,93,87,165/96
男,172,145,102,100,175/96
女,157,112,92,83,160/92
男,172,132,89,85,170/92
男,174,150,100,87,175/100
女,155,100,85,73,160/84
女,160,90,83,70,160/80
男,177,130,85,80,175/92
女,167,96,80,70,170/84
男,170,140,91,88,170/96
女,162,102,87,74,165/84
男,170,150,99,97,175/100
女,163,133,96,90,165/96
女,167,120,90,86,170/92
女,158,130,95,83,165/96
男,171,140,97,86,170/96
女,158,,96,85,165/96
女,158,106,88,79,160/88
男,172,130,86,84,170/92
女,168,130,101,87,170/96
女,157,108,87,75,160/88
女,165,110,89,79,165/88
女,158,110,88,76,160/88
女,157,118,98,84,160/92
男,168,112,87,82,170/88
女,155,120,97,82,160/92
男,172,140,89,87,170/96
女,163,110,85,84,165/88
女,168,122,95,86,170/96
女,161,130,94,84,165/96
女,163,96,79,71,165/84
男,171,140,88,84,170/96
女,161,96,83,66,160/84
男,170,170,103,96,170/104
女,161,98,88,60,165/84
男,174,125,89,91,175/92
女,170,114,84,82,170/88
男,175,118,87,85,175/88
女,162,104,86,72,165/84
男,171,210,118,112,175/116
男,168,134,97,93,170/96
男,184,270,128,123,190/130
男,174,102,80,77,170/84
男,170,124,88,86,170/88
男,180,130,87,85,160/92
男,174,130,90,83,175/92
男,170,152,97,92,170/100
男,170,154,98,90,170/100
男,168,170,108,107,170/104
男,178,170,101,101,180/104
男,170,146,96,97,170/100
男,178,144,96,88,180/96
男,164,126,92,86,165/92
男,170,150,105,97,170/100
男,171,152,98,95,170/100
男,178,138,95,86,180/92
男,167,110,90,77,170/88
男,171,210,111,100,175/112
男,173,130,95,87,175/92
男,172,150,97,96,175/96
男,170,130,92,87,170/92
男,168,140,105,97,170/100
男,169,116,85,84,170/88
男,173,190,120,113,175/112
男,181,130,90,78,180/92
男,172,130,89,85,175/92
男,170,150,97,93,170/100
男,170,122,92,85,170/92
男,174,156,97,94,175/100
男,170,132,91,91,170/92
男,172,156,100,96,175/100
男,175,150,97,96,175/100
男,171,140,99,90,170/96
男,170,150,95,92,170/100
男,170,160,105,92,170/104
男,171,140,95,95,170/96
男,178,140,95,85,180/96
男,170,168,106,93,170/104
男,172,188,113,105,175/112
男,170,156,105,95,170/104
男,177,168,96,92,180/104
男,170,168,103,94,170/104
男,180,184,98,99,180/108
男,170,198,117,106,175/112
女,156,102,91,71,160/88
女,163,114,89,76,165/88
女,165,130,92,85,170/96
女,160,94,83,65,160/84
女,155,90,88,66,160/84
女,165,120,93,86,165/92
男,168,146,98,94,170/100
女,162,120,98,88,165/96
男,170,155,93,95,170/100
女,157,110,91,77,160/88
女,158,110,89,76,160/88
女,155,86,83,67,155/80
女,158,106,86,74,160/88
女,155,100,89,76,160/88
女,160,106,85,76,160/88
男,168,126,90,83,170/92
男,170,116,99,83,170/88
男,170,144,96,92,170/100
女,162,110,86,81,165/88
男,170,120,86,83,170/88
男,173,130,90,86,175/92
男,165,145,103,100,165/100
男,173,136,91,84,175/92
男,160,152,101,95,165/100
男,172,100,81,80,170/84
男,165,140,93,86,165/96
男,182,156,97,95,180/100
男,180,180,100,107,180/108
男,175,140,92,92,175/96
男,163,140,102,93,165/96
男,174,120,88,80,175/88
男,178,120,83,86,175/88
女,158,92,80,75,160/84
男,173,171,105,100,175/104
男,170,112,85,80,170/88
男,171,146,102,92,170/100
男,169,138,98,91,170/96
男,175,198,110,102,180/112
男,178,200,107,105,180/112
男,169,136,93,91,170/92
男,174,126,91,78,175/92
男,175,170,106,98,175/104
男,172,134,95,89,170/96
女,155,96,85,76,160/84
女,163,126,100,90,165/96
男,172,140,95,90,175/96
男,174,146,100,95,175/100
男,172,158,103,97,175/100
男,168,126,90,81,170/92
男,170,145,,,170/96
男,175,160,102,94,175/100
男,170,190,100,98,170/112
男,165,120,89,77,165/88
男,178,180,105,101,180/108
男,170,144,93,86,170/96
男,176,160,95,93,175/100
男,170,150,97,90,170/100
男,170,135,92,88,170/92
男,174,120,90,82,175/88
男,175,120,90,82,175/88
男,175,145,98,87,175/96
男,170,170,113,105,170/108
男,180,174,100,90,180/104
男,173,140,95,93,175/96
男,170,120,90,88,170/88
男,173,116,83,82,175/88
男,170,210,114,110,175/112
男,166,132,93,85,165/96
男,170,180,110,96,170/108
男,173,137,96,87,175/96
男,177,160,103,96,180/104
男,180,148,88,89,180/96
男,163,142,92,91,165/96
男,162,136,95,92,165/96
男,175,140,91,85,175/92
男,174,158,95,95,175/100
男,163,120,92,82,165/88
男,172,128,91,81,170/92
男,165,120,90,80,165/88
男,169,140,96,86,170/96
男,175,140,92,90,175/92
男,170,118,87,83,170/88
男,168,150,104,95,170/100
男,164,160,112,100,170/104
男,173,190,109,100,175/108
男,167,148,94,89,170/100
男,173,135,87,80,175/92
男,170,152,94,89,170/100
男,168,140,98,91,170/100
男,179,180,107,101,180/108
男,168,160,98,92,170/104
男,168,180,109,102,170/108
男,168,120,87,84,170/88
男,170,126,89,81,170/92
男,178,126,88,84,175/88
男,175,145,95,88,175/96
男,173,186,108,97,175/108
男,170,170,106,96,170/108
男,168,144,103,88,170/100
男,172,130,85,77,175/92
男,165,65,93,84,165/92
男,172,104,86,76,170/84
男,175,135,96,86,175/92
男,170,150,107,94,170/100
男,175,218,135,117,180/120
男,175,130,93,87,175/92
男,180,160,104,95,180/104
男,170,145,92,93,170/96
男,178,152,96,90,180/100
男,168,124,94,86,170/92
男,171,144,95,92,170/96
男,182,180,106,97,180/108
男,169,140,92,83,170/96
男,160,140,102,91,165/100
男,165,120,91,82,165/88
男,175,160,,,175/100
男,168,144,94,86,170/96
男,172,170,103,95,175/104
男,178,182,115,110,180/108
男,165,160,102,100,170/104
男,173,148,99,91,175/96
男,174,172,110,110,175/108
男,182,120,86,78,180/92
男,168,135,93,85,170/96
男,183,192,111,100,185/108
男,170,126,91,86,170/92
男,168,130,106,87,170/96
男,170,150,96,87,170/100
男,170,180,108,100,170/108
男,160,118,86,80,165/88
男,173,126,89,85,175/92
男,176,160,98,98,175/100
男,166,136,98,90,165/96
男,176,130,93,85,175/92
男,161,110,91,85,165/88
男,163,100,82,74,165/84
男,177,200,109,106,180/112
男,180,140,94,88,180/96
男,170,170,108,92,170/108
男,175,150,96,95,175/96
男,168,150,103,91,170/100
男,170,142,99,84,170/96
男,171,150,98,93,170/100
男,171,160,,,170/104
男,170,146,98,90,170/100
男,168,112,86,83,170/88
男,173,190,106,102,175/108
男,170,105,82,77,170/84
男,162,145,99,97,165/100
男,169,172,104,97,170/104
男,165,116,87,84,165/88
男,172,148,94,89,175/96
男,168,124,92,93,170/92
男,168,140,95,88,170/96
女,156,118,92,77,160/92
男,174,115,90,80,175/88
男,168,134,95,89,170/96
男,168,100,81,78,165/84
男,169,130,106,92,170/96
男,167,145,98,94,170/100
男,173,178,108,102,175/108
男,163,110,92,84,165/88
男,173,160,98,95,175/100
男,168,136,94,93,170/92
男,175,170,101,94,175/104
男,170,165,103,99,170/104
男,170,120,94,83,170/92
男,165,120,86,80,165/88
男,165,135,90,90,165/92
男,173,162,104,96,175/104
男,165,150,100,94,165/100
男,168,120,85,82,170/88
男,174,140,96,94,175/96
男,176,160,99,90,180/100
男,178,122,86,81,175/88
男,170,140,96,89,170/96
男,168,140,94,87,170/96
男,179,140,91,85,180/92
男,168,170,100,92,170/104
男,171,136,91,91,170/92
男,172,146,96,89,175/96
男,175,164,101,92,175/104
男,178,130,87,83,175/92
男,187,140,89,81,180/96
男,165,108,85,80,165/84
男,169,130,92,88,170/92
男,172,132,92,87,175/92
男,168,150,95,90,170/100
男,175,140,100,85,175/96
男,168,140,97,91,170/96
男,171,168,105,94,170/104
男,175,140,94,90,175/96
男,174,120,89,87,175/88
男,168,134,94,92,170/92
男,168,146,99,88,170/100
男,165,122,89,84,165/88
男,181,165,104,98,180/104
男,180,120,87,84,175/88
男,168,124,89,87,170/92
男,180,150,97,97,180/96
男,170,150,96,93,170/100
男,180,120,89,87,175/88
男,172,140,93,87,175/96
男,173,130,90,89,175/92
男,177,180,110,107,180/108
男,166,110,87,80,165/88
男,168,134,95,91,170/96
男,165,150,101,98,165/100
男,170,140,92,88,170/96
男,170,144,96,94,170/100
男,175,160,105,97,175/104
男,178,160,97,98,180/100
男,168,160,105,98,170/104
男,174,120,86,81,175/88
男,171,144,99,96,170/100
男,170,172,110,107,175/108
男,170,140,100,93,170/100
男,167,124,88,82,170/92
男,172,120,88,82,170/88
女,160,108,91,70,160/88
男,164,130,89,84,165/92
男,172,140,90,89,170/96
男,165,140,97,95,165/96
男,176,130,93,81,175/92
男,168,150,98,92,170/100
男,167,128,91,85,170/92
男,166,144,98,90,165/100
男,165,140,95,93,165/96
男,171,180,108,,175/108
男,174,150,99,91,175/100
男,173,178,104,102,175/108
男,183,128,84,79,180/92
男,168,135,94,88,170/96
男,170,130,95,88,170/92
男,173,160,103,97,175/104
男,168,135,96,93,170/96
男,170,140,91,94,170/96
男,168,138,96,85,170/96
男,173,140,94,87,175/96
男,170,160,105,99,170/104
男,165,132,97,88,165/96
男,176,156,106,91,175/104
男,175,140,98,86,175/96
男,172,180,108,100,175/108
男,175,180,106,104,175/108
男,169,134,94,85,170/92
男,174,170,104,94,175/104
男,168,130,92,85,170/92
男,175,150,97,95,175/96
男,170,110,83,76,170/88
男,172,160,102,98,175/104
男,176,130,89,83,175/92
男,174,164,98,95,175/104
男,169,140,103,94,170/100
男,168,118,87,79,170/88
男,171,148,97,91,170/96
男,174,180,106,95,175/108
男,173,150,97,88,175/100
男,172,164,89,83,170/100
男,169,144,98,87,170/96
男,168,140,91,85,170/96
男,164,146,100,91,165/100
男,172,160,96,96,175/100
男,172,140,90,85,175/96
男,165,124,90,87,165/92
男,169,140,93,86,170/96
男,170,150,101,97,170/100
女,164,115,93,75,165/92
男,161,145,102,87,165/100
男,160,128,95,88,165/96
男,171,150,97,95,170/100
男,168,122,89,83,170/92
男,175,176,104,99,175/104
男,168,160,103,96,170/104
男,169,158,101,96,170/100
男,168,160,100,99,170/104
男,173,176,93,90,175/104
男,173,175,115,99,175/108
男,173,145,99,93,175/96
男,170,140,93,90,170/92
男,170,125,93,89,170/92
男,170,140,95,91,170/96
男,180,180,105,97,180/108
男,165,160,103,99,170/104
男,173,166,103,92,175/104
男,170,126,82,77,170/88
男,170,130,92,83,170/92
男,175,180,95,91,175/108
男,175,165,100,97,175/104
男,168,120,96,85,170/92
男,162,120,90,78,165/92
男,168,138,94,93,170/96
男,175,180,105,99,175/108
男,175,135,95,91,170/92
男,168,148,98,95,170/100
男,172,164,98,92,175/104
男,171,140,98,86,170/96
男,170,170,106,100,170/104
男,165,120,90,80,165/92
男,163,140,97,92,165/96
男,170,110,85,79,170/88
男,175,160,100,95,175/104
男,170,146,96,90,170/96
男,165,130,89,83,165/92
男,170,156,101,96,170/100
男,183,152,99,92,180/100
男,170,140,100,91,170/100
男,170,134,98,83,170/92
男,170,135,94,89,170/96
男,180,185,112,102,180/112
男,170,130,92,91,170/92
男,168,120,91,88,170/92
男,170,150,101,91,170/100
男,160,140,100,89,165/100
男,160,112,85,81,165/88
男,178,150,95,83,180/96
男,175,140,92,86,175/96
男,173,126,90,84,175/92
男,172,110,88,85,170/88
男,166,126,93,86,165/92
男,170,138,90,84,170/92
男,170,174,101,98,175/104
男,167,170,111,93,170/108
男,174,156,99,97,175/100
男,169,172,103,89,170/104
男,165,160,103,100,170/104
男,177,150,98,86,180/96
男,163,140,101,94,165/100
男,178,190,113,108,180/112
男,168,138,91,84,170/92
男,170,140,99,89,170/96
男,170,170,105,103,170/104
男,168,132,94,85,170/96
男,172,75,95,89,175/100
男,165,126,91,86,165/92
男,181,94,111,104,180/112
男,175,150,94,92,175/96
男,170,172,105,100,170/104
男,170,150,97,94,170/100
男,183,147,95,93,180/96
男,175,204,111,106,180/112
男,169,144,95,91,170/96
男,165,132,93,91,165/92
男,166,108,86,76,165/84
男,180,140,92,90,180/96
男,171.5,180,106,106,175/108
男,170,204,126,116,175/120
男,172,150,101,93,175/100
男,160,110,90,83,165/88
男,176,186,102,99,180/108
男,175,136,89,81,175/92
男,168,130,93,89,170/92
男,173,120,83,82,175/88
男,170,170,99,94,170/104
男,168,156,97,95,170/100
男,175,154,99,93,175/100
男,173,148,96,91,175/96
男,170,136,90,93,170/96
男,166,130,90,84,165/92
男,175,100,81,78,175/88
男,168,135,92,87,170/96
男,167,150,96,87,170/100
男,173,130,85,82,175/92
男,170,170,100,106,170/104
男,173,100,88,78,175/88
男,169,136,90,87,170/96
男,170,170,105,95,170/104
男,173,164,101,94,175/104
男,168,160,110,102,170/108
男,170,140,96,85,170/96
男,170,130,96,86,170/92
男,165,136,93,88,165/92
男,175,185,105,95,175/108
男,167,126,91,85,170/92
男,173,150,98,93,175/100
男,165,142,92,88,165/100
男,170,150,100,95,170/100
男,170,120,89,80,170/88
男,175,160,106,99,175/104
男,170,104,85,80,165/84
男,170,160,94,86,170/100
男,186,180,107,102,185/108
男,170,165,104,96,170/104
男,172,134,92,86,175/92
男,175,152,101,92,175/100
男,175,140,117,100,175/100
男,185,200,103,106,185/112
男,177,200,121,112,180/116
男,167,,95,93,170/96
男,170,164,101,97,170/104
男,175,135,92,83,175/92
男,170,130,93,82,170/92
男,170,146,98,89,170/100
男,173,130,93,87,175/92
男,165,110,89,77,165/88
男,178,160,97,92,180/104
男,180,170,99,90,180/104
男,176,192,118,120,180/112
男,155,120,93,83,160/92
男,168,156,99,87,170/100
男,178,140,93,83,180/92
男,170,120,88,85,170/88
男,169,146,96,91,170/100
男,169,170,103,100,170/104
男,180,192,105,102,180/112
男,172,128,90,89,170/92
男,171,142,97,92,170/100
男,170,125,89,82,170/92
男,172,180,110,106,175/108
男,175,145,95,94,175/96
男,175,120,84,75,175/88
男,170,126,94,92,170/92
男,170,160,105,100,170/104
男,169,140,92,87,170/96
男,172,145,95,92,175/96
男,168,120,82,78,170/88
男,168,148,102,95,170/100
男,168,140,96,91,170/96
男,168,,105,98,170/104
男,165,140,99,94,165/100
男,167,124,95,83,170/92
男,168,120,87,82,170/88
男,172,70,94,97,170/96
男,166,59,93,90,165/92
男,165,64,95,94,165/92
男,180,84,100,103,180/104
男,170,72.5,94,90,170/100
男,162,55,93,90,165/92
男,175,65,98,92,175/92
男,165,71,108,79,165/100
男,165,60,85,83,165/92
男,165,70,90,88,165/96
男,170,75,98,92,170/100
男,181,80,100,92,180/100
男,171,63,95,90,170/96
男,174,80,100,96,175/104
男,178,78,98,92,180/100
男,172,68,92,90,170/96
男,173,64,91,86,175/92
男,170,70,98,95,170/96
男,173,78,100,90,175/100
男,168,78,102,102,170/104
男,178,90,108,94,180/108
男,170,76,108,98,170/104
男,170,58,88,80,170/92
男,170,70,85,88,170/96
男,165,65,92,88,165/96
男,182,74,92,88,180/96
男,170,67.5,100,90,170/96
男,173,84,98,96,175/104
男,180,79,97,90,180/100
男,172,73,94,88,175/96
男,175,75,94,88,175/100
男,165,70,100,95,165/100
男,175,88,108,98,175/108
男,176,97,112,101,180/112
男,174,75,100,95,170/100
男,167,72,106,105,170/100
男,173,66,100,94,175/96
男,167,72,108,105,170/100
男,165,65,92,85,165/96
男,170,78,104,96,170/104
男,156,82.2,109,100,170/108
男,170,77,104,96,170/100
男,170,70,95,85,170/96
男,170,76,98,96,170/100
男,170,54,90,80,170/88
男,170,90,108,107,170/108
男,170,72,95,93,170/100
男,165,88,112,109,170/108
男,170,73,98,87,170/896
男,165,52,90,90,165/84
男,175,73,100,92,175/100
男,175,86,96,95,175/104
男,180,65,90,83,180/92
男,167,67,98,92,165/96
男,173,83,100,98,175/104
男,169,75,103,98,170/100
男,171,80,103,98,170/104
男,170,63,88,84,170/92
男,167,67,98,92,170/96
男,166,60,88,78,165/92
男,165,62,98,86,165/92
,162,60,,,165/92
,163,52,,,165/84
,167,60,,,170/92
,170,56,,,170/88
,156,53,,,160/88
,160,47,,,160/80
,162,47,,,160/80
,157,51,,,160/84
,165,56,,,165/88
,151,47,,,155/80
,171,71,,,170/96
,165,60,,,165/92
,173,72,,,175/96
,172,57,,,175/88
,174,75,,,175/100
,180,80,,,180/100
,170,58,,,170/88
,172,65,,,175/92
,173,80,,,175/100
,174,82,,,175/104
,170,75,,,170/100
,171,65,,,170/92
,170,88,,,170/108
,166,55,,,165/88
,171,59,,,170/88
,175,60,,,175/88
,168,62,,,170/92
,170,74,,,170/100
,174,78,,,175/100
,163,64,,,165/92
,174,65,,,175/92
,180,70,,,180/96
,175,76,,,175/100
,186,90,,,185/108
,162,60,,,165/88
,170,70,,,170/96
,169,60,,,170/88
,170,65,,,170/92
,170,80,,,170/104
,165,61,,,165/92
,166,62,,,165/92
,171,88,,,170/108
,167,75,,,170/100
,178,65,,,175/92
,172,55,,,175/88
,168,70,,,170/96
,176,70,,,175/96
,168,80,,,170/104
,165,75,,,165/100
,173,73,,,175/96
,175,81,,,175/100
,164,62,,,165/92
,168,69,,,170/96
,163,61,,,165/92
,172,60,,,175/88
,182,66,,,180/92
,173,90,,,175/108
,165,60,,,165/88
,170,65,,,170/96
,171,75,,,170/100
,165,62,,,165/92
,178,80,,,175/100
,164,65,,,165/92
,170,72,,,170/100
,165,74,,,165/100
,174,68,,,175/92
,165,58,,,170/88
,178,89,,,180/108
,165,65,,,165/96
,170,60,,,170/88
,178,72,,,180/96
,177,88,,,180/108
,168,57,,,170/88
,168,65,,,170/96
,172,88,,,170/108
,173,61,,,175/88
,167,55,,,170/88
,168,73,,,170/100
,175,75,,,175/100
,168,78,,,170/104
,162,60,,,165/92
,163,52,,,165/84
,167,60,,,170/92
,170,56,,,170/88
,156,53,,,160/88
,160,47,,,160/80
,162,47,,,160/80
,157,51,,,160/84
,165,56,,,165/88
,151,47,,,155/80
,171,71,,,170/96
,165,60,,,165/92
,173,72,,,175/96
,172,57,,,175/88
,174,75,,,175/100
,180,80,,,180/100
,170,58,,,170/88
,172,65,,,175/92
,173,80,,,175/100
,174,82,,,175/104
,170,75,,,170/100
,171,65,,,170/92
,170,88,,,170/108
,166,55,,,165/88
,171,59,,,170/88
,175,60,,,175/88
,168,62,,,170/92
,170,74,,,170/100
,174,78,,,175/100
,163,64,,,165/92
,174,65,,,175/92
,180,70,,,180/96
,175,76,,,175/100
,186,90,,,185/108
,162,60,,,165/88
,170,70,,,170/96
,169,60,,,170/88
,170,65,,,170/92
,170,80,,,170/104
,165,61,,,165/92
,166,62,,,165/92
,171,88,,,170/108
,167,75,,,170/100
,178,65,,,175/92
,172,55,,,175/88
,168,70,,,170/96
,176,70,,,175/96
,168,80,,,170/104
,165,75,,,165/100
,173,73,,,175/96
,175,81,,,175/100
,164,62,,,165/92
,168,69,,,170/96
,163,61,,,165/92
,172,60,,,175/88
,182,66,,,180/92
,173,90,,,175/108
,165,60,,,165/88
,170,65,,,170/96
,171,75,,,170/100
,165,62,,,165/92
,178,80,,,175/100
,164,65,,,165/92
,170,72,,,170/100
,165,74,,,165/100
,174,68,,,175/92
,165,58,,,170/88
,178,89,,,180/108
,165,65,,,165/96
,170,60,,,170/88
,178,72,,,180/96
,177,88,,,180/108
,168,57,,,170/88
,168,65,,,170/96
,172,88,,,170/108
,173,61,,,175/88
,167,55,,,170/88
,168,73,,,170/100
,175,75,,,175/100
,168,78,,,170/104
,170,150,105,98,170/100
,165,130,96,92,165/92
,165,140,93,86,170/96
,158,120,90,79,160/92
,170,130,86,77,170/92
,170,150,102,96,170/100
,168,145,,,170/96
,175,200,113,105,175/112
,168,150,93,90,170/100
,165,120,90,88,165/92
,164,130,92,86,165/92
,167,102,78,68,165/84
,174,158,101,94,175/104
,165,160,101,88,165/104
,168,140,96,87,170/96
,168,142,93,89,170/96
,170,136,91,91,170/96
,168,140,98,87,170/96
,185,160,100,87,180/100
,168,150,100,89,170/100
,165,130,92,86,165/92
,164,160,104,92,165/104
,182,170,102,95,180/104
,169,150,99,91,170/100
,176,160,98,90,175/104
,171,180,116,100,175/108
,172,120,88,76,170/88
,170,140,100,90,170/96
,185,150,95,86,185/96
,164,145,100,89,165/100
,168,135,93,85,170/96
,172,126,90,84,175/92
,165,148,98,92,165/100
,170,140,93,85,170/96
,160,134,93,83,165/96
,175,120,,,175/88
,170,140,102,94,170/100
,172,116,86,71,170/88
,163,125,90,84,165/92
,176,210,118,110,180/116
,171,112,87,73,170/88
,163,108,85,80,165/88
,176,150,96,88,175/96
,176,136,92,87,175/92
,165,126,85,83,165/92
,171,190,118,111,175/112
,178,126,92,83,175/92
,165,170,,,170/104
,175,170,101,91,175/104
,172,115,87,77,170/88
,157,98,83,68,165/84
,176,160,95,91,175/104
,165,145,99,91,165/100
,173,160,100,95,175/104
,163,118,91,84,165/92
,160,158,100,99,165/104
,176,130,85,76,175/92
,173,106,78,74,175/84
,161,150,106,99,165/104
,180,125,92,79,180/92
,168,155,100,92,170/100
,168,130,87,83,170/92
,157,98,83,68,160/84
,167,136,95,90,165/96
,165,140,96,88,165/96
,181,104,78,71,175/84
,170,136,90,86,170/92
,168,129,90,84,170/92
,166,130,93,88,170/92
,168,170,108,103,170/108
,170,114,87,77,170/88
,165,130,95,85,165/96
,175,182,113,99,175/108
,170,120,,,170/88
,160,120,,,160/92
,178,176,,,180/104
,170,150,94,87,170/100
,171,110,86,78,170/88
,170,150,96,88,170/100
,165,125,90,89,165/92
,165,148,105,94,165/100
,165,138,89,92,165/96
,168,120,86,80,170/88
,171,154,98,88,170/100
,177,130,86,81,175/92
,172,156,105,95,175/104
,170,140,94,88,170/96
,164,96,80,66,165/80
,173,134,90,88,175/92
,173,130,88,85,175/92
,170,240,146,140,
,171,120,85,79,170/88
,175,140,90,82,175/96
,175,145,96,89,175/96
,163,130,100,89,165/96
,172,130,89,84,175/92
,170,126,88,85,170/92
,163,118,95,77,165/92
,175,146,96,85,175/96
,177,160,104,94,175/104
,170,145,93,87,170/96
,165,160,100,97,165/104
,170,160,102,94,170/104
,176,130,88,76,175/92
,168,130,92,82,170/92
,169,136,92,87,170/96
,170,130,95,81,170/92
,155,98,82,70,160/84
,158,120,90,80,160/92
,164,108,87,75,165/88
,172,154,96,86,175/100
,172,160,97,90,175/100
,181,175,99,96,180/104
,153,125,,,165/92
,180,138,89,78,180/92
,168,140,98,88,170/96
,173,136,93,87,175/96
,175,130,91,86,175/92
,165,120,,,165/88
,165,115,80,75,165/88
,163,100,82,70,165/80
,160,112,88,80,160/88
,172,115,77,66,170/88
,161,106,86,75,165/84
,170,114,83,79,170/88
,171,142,99,92,170/100
,170,170,100,95,170/108
,170,152,98,91,170/100
,158,128,94,90,165/96
,170,130,86,80,170/92
,172,150,98,94,170/100
,169,106,,,170/88
,169,136,102,84,170/92
,168,124,89,85,170/92
,168,130,92,86,170/92
,173,170,103,95,175/104
,178,124,85,76,175/88
,178,170,100,98,180/104
,175,120,85,71,175/88
,175,160,100,90,175/104
,168,120,86,78,170/88
,170,146,99,85,170/96
,165,112,86,74,165/88
,175,130,,,175/92
,165,170,108,107,170/108
,173,192,112,97,175/112
,174,156,96,92,175/100
,177,160,93,88,180/100
,171,160,101,84,170/104
,164,126,88,83,165/92
,174,210,119,107,180/116
,178,150,96,90,175/100
,175,160,103,96,175/104
,158,116,88,79,160/92
,166,116,81,72,165/88
,170,160,108,100,170/104
,175,190,108,102,175/108
,170,155,99,92,170/100
,164,126,90,83,170/92
,165,135,93,85,165/96
,167,150,100,90,170/100
,168,144,96,87,170/96
,166,116,87,79,165/88
,165,130,92,84,165/92
,173,170,100,96,175/104
,172,151,100,85,175/100
,171,126,88,85,170/92
,170,140,96,89,170/96
,170,164,102,98,170/104
,169,138,94,87,170/96
,170,125,95,82,170/92
,175,140,95,85,175/96
,175,150,95,86,175/100
,168,190,110,114,175/112
,160,118,97,83,160/92
,174,135,91,84,175/92
,170,150,108,93,170/100
,165,110,84,77,165/88
,187,180,101,97,185/104
,177,150,96,92,175/100
,165,170,104,98,170/104
,180,190,,,180/112
,168,148,96,90,170/100
,170,132,98,96,170/96
,170,136,93,88,170/96
,175,140,86,84,175/92
,168,150,96,90,170/100
,175,140,91,88,175/96
,172,156,98,93,175/104
,165,155,98,88,165/100
,170,155,98,90,170/100
,170,150,105,98,170/100
,165,130,96,92,165/92
,165,140,93,86,170/96
,158,120,90,79,160/92
,170,130,86,77,170/92
,170,150,102,96,170/100
,168,145,,,170/96
,175,200,113,105,175/112
,168,150,93,90,170/100
,165,120,90,88,165/92
,164,130,92,86,165/92
,167,102,78,68,165/84
,174,158,101,94,175/104
,165,,101,88,165/100
,168,140,96,87,170/96
,168,142,93,89,170/96
,170,136,91,91,170/96
,168,140,98,87,170/96
,185,160,100,87,180/100
,168,75,100,89,170/100
,165,130,92,86,165/92
,164,160,104,92,165/104
,182,170,102,95,180/104
,169,150,99,91,170/100
,176,80,98,90,175/104
,171,180,116,100,175/108
,172,60,88,76,170/88
,170,140,100,90,170/96
,185,,95,86,185/96
,164,145,100,89,165/100
,168,135,93,85,170/96
,172,63,90,84,175/92
,165,74,98,92,165/100
,170,140,93,85,170/96
,160,134,93,83,165/96
,175,120,,,175/88
,170,140,102,94,170/100
,172,116,86,71,170/88
,163,125,90,84,165/92
,176,210,118,110,180/116
,171,56,87,73,170/88
,163,108,85,80,165/88
,176,75,96,88,175/96
,176,136,92,87,175/92
,165,126,85,83,165/92
,171,190,118,111,175/112
,178,63,92,83,175/92
,165,170,,,170/108
,175,170,101,91,175/104
,172,115,87,77,170/88
,157,98,83,68,165/84
,176,160,95,91,175/104
,165,145,99,91,165/100
,173,160,100,95,175/104
,163,118,91,84,165/92
,160,79,100,99,165/104
,176,65,85,76,175/92
,173,53,78,74,175/84
,161,150,106,99,165/104
,180,125,92,79,180/92
,168,155,100,92,170/100
,168,130,87,83,170/92
,157,98,83,68,160/84
,167,136,95,90,165/96
,165,140,96,88,165/96
,181,104,78,71,175/84
,170,136,90,86,170/92
,168,64.5,90,84,170/92
,166,65,93,88,170/92
,168,170,108,103,170/108
,170,57,87,77,170/88
,165,130,95,85,165/96
,175,91,113,99,175/108
,170,120,,,170/88
,160,120,,,160/92
,178,176,,,180/104
,170,150,94,87,170/100
,171,55,86,78,170/88
,170,80,96,88,170/100
,165,125,90,89,165/92
,165,148,105,94,165/100
,165,138,89,92,165/96
,168,120,86,80,170/88
,171,154,98,88,170/100
,177,130,86,81,175/92
,172,156,105,95,175/100
,170,140,94,88,170/96
,164,96,80,66,165/80
,173,134,90,88,175/92
,173,130,88,85,175/92
,170,240,146,140,
,171,120,85,79,170/88
,175,140,90,82,175/96
,175,145,96,89,175/96
,163,130,100,89,165/96
,172,65,89,84,175/92
,170,126,88,85,170/92
,163,118,95,77,165/92
,175,146,96,85,175/96
,177,,104,94,175/104
,170,145,93,87,170/96
,165,160,100,97,165/104
,170,160,102,94,170/104
,176,130,88,76,175/92
,168,130,92,82,170/92
,169,136,92,87,170/96
,170,130,95,81,170/92
,155,98,82,70,160/84
,158,120,90,80,160/92
,164,54,87,75,165/88
,172,154,96,86,175/100
,172,160,97,90,175/100
,181,175,99,96,180/104
,153,125,,,160/92
,180,138,89,78,180/92
,168,140,98,88,170/96
,173,136,93,87,175/96
,175,130,91,86,175/92
,165,120,,,165/88
,165,115,80,75,165/88
,163,100,82,70,165/80
,160,112,88,80,160/88
,172,115,77,66,170/88
,161,,86,75,165/84
,170,114,83,79,170/88
,171,142,99,92,170/100
,170,170,100,95,170/108
,170,152,98,91,170/100
,158,128,94,90,160/96
,170,,86,80,170/92
,172,150,98,94,170/100
,169,106,,,170/88
,169,136,102,84,170/92
,168,62,89,85,170/92
,168,65,92,86,170/92
,173,170,103,95,175/104
,178,62,85,76,175/88
,178,90,100,98,180/108
,175,120,85,71,175/88
,175,80,100,90,175/104
,168,120,86,78,170/88
,170,146,99,85,170/100
,165,56,86,74,165/88
,175,130,,,175/92
,165,170,108,107,170/108
,173,192,112,97,175/112
,174,156,96,92,175/100
,177,160,93,88,180/100
,171,160,101,84,170/104
,164,126,88,83,165/92
,174,210,119,107,180/116
,178,150,96,90,175/100
,175,160,103,96,175/104
,158,116,88,79,160/92
,166,116,81,72,165/88
,170,160,108,100,170/104
,175,190,108,102,175/108
,170,155,99,92,170/100
,164,63,90,83,165/92
,165,135,93,85,165/96
,167,75,100,90,170/100
,168,72,96,87,170/96
,166,58,87,79,165/88
,165,65,92,84,165/92
,173,85,100,96,175/104
,172,151,100,85,175/100
,171,126,88,85,170/92
,170,140,96,89,170/96
,170,164,102,98,170/104
,169,138,94,87,170/96
,170,125,95,82,170/92
,175,140,95,85,175/96
,175,150,95,86,175/100
,168,190,110,114,175/112
,160,118,97,83,160/92
,174,135,91,84,175/92
,170,150,108,93,170/100
,165,110,84,77,165/88
,187,180,101,97,185/104
,177,75,96,92,175/100
,165,170,104,98,170/104
,180,190,,,180/112
,168,74,96,90,170/100
,170,132,98,96,170/96
,170,68,93,88,170/96
,175,140,86,84,175/92
,168,150,96,90,170/100
,175,140,91,88,175/96
,172,156,98,93,175/104
,165,155,98,88,165/100
,170,155,98,90,170/100
女,163,56,88,78,165/88
女,160,65,103,96,165/96
女,160,62,97,82,160/92
女,172,68,98,87,175/96
女,165,70,105,100,170/100
女,168,58,90,80,170/92
女,162,63,100,86,165/96
女,160,75,113,104,165/104
女,170,65,94,78,170/96
女,171,67,99,80,175/96
女,156,59,94,74,160/92
女,165,65,106,90,170/96
女,168,54,88,90,170/88
女,165,65,100,90,170/96
女,157,58,92,78,160/92
男,171,63,88,85,170/92
女,160,60,100,88,160/92
女,160,50,83,72,160/84
女,164,54,87,80,165/88
女,160,55,98,88,160/88
女,168,65,89,72,170/96
女,163,65,100,93,170/96
女,160,74,105,98,165/104
女,170,75,101,100,175/100
女,168,66,98,87,170/96
女,170,60,98,87,170/92
男,173,76,105,100,175/100
女,158,54,93,74,160/88
女,163,60,102,84,165/92
女,169,55,96,70,170/88
女,163,65,104,84,170/96
女,162,50,87,72,165/84
女,160,65,98,90,165/96
男,165,6,96,89,165/96
男,172,90,107,99,175/108
女,160,56,89,83,160/88
女,161,65,96,85,165/96
女,165,58,100,100,165/92
女,160,63,98,85,160/96
男,171,73,105,95,175/100
男,168,67,96,88,170/96
女,167,75,102,95,170/100
女,163,65,100,95,165/100
女,158,58.5,100,87,160/92
女,160,70,110,95,165/100
女,164,60,92,85,165/92
女,162,58,90,85,165/92
女,160,61,104,87,160/92
女,158,45,90,81,160/84
女,163,55,87,80,165/88
女,160,56,92,80,160/92
女,156,68,100,88.5,165/100
女,160,50,87,74,160/84
女,158,57,92,83,160/92
女,169,70,100,89,175/100
女,163,61,95,86,165/92
女,158,53,90,80,160/88
女,155,50,90,72,160/84
女,160,64,102,88,165/96
女,158,61,92,86,160/92
女,170,61,95,72,170/92
女,165,50,85,70,165/84
女,165,73,104,97,170/100
女,168,75,106,98,170/104
女,165,55,90,70,165/88
女,160,51,88,75,160/88
女,150,53,92,79,160/88
女,158,55,90,78,160/88
女,163,53,98,80,165/88
女,168,50,80,64,170/84
女,155,48,84,72,160/84
女,155,70,103,95,165/100
女,168,60,95,76,170/92
女,164,60,95,83,165/92
女,160,68,100,93,165/100
女,165,60,97,85,165/92
女,155,115,90,81,160/92
女,163,72,,,170/100
女,164,65,92,85,165/96
女,169,65,92,100,170/96
女,163,59,91,89,165/92
女,164,49,89,70,165/84
男,172,88,110,100,175/108
女,162,63,96,88,165/96
女,150,55,94,76,160/88
女,158,46,88,70,160/84
女,166,63,102,84,170/96
女,166,63,92,84,170/92
女,158,66.5,98,86,165/96
女,164,54,88,76,165/88
女,162,59,99,89,165/92
女,166,62.5,106,87,170/96
女,163,55,85,70,165/88
女,170,60,87,77,170/92
男,162,60,91,90,165/92
男,170,79,109,94,170/104
男,170,75,103,96,170/100
男,161,60,92,85,165/92
女,155,46.5,85,70,160/84
女,160,60,91,86,160/92
女,163,60,94,86,165/92
女,151,42.5,83,67,155/84
女,158,55,92,74,160/92
男,170,78,102,90,170/100
男,172,73,92,87,175/96
女,157,63,101,81,160/96
男,165,76,98,92,165/100
男,160,69,96,88,165/96
女,163,59,89,72,165/88
女,160,59,96,81,160/96
女,158,55,89,79,160/88
女,164,51,83,71,165/84
女,163,59,96,79,165/92
女,158,60,94,82,160/92
男,168,60,92,77,170/88
女,156,60,102,86,160/96
女,161,60,92,78,160/92
女,155,47,93,72,160/84
女,157,58,92,80,160/92
女,152,60,90,76,160/92
男,169,62,90,88,170/92
女,158,57,89,77,160/92
男,172,51,94,79,170/92
女,158,55,87,71,160/88
男,165,65,92,87,165/96
女,164,47,80,66,165/80
女,163,58,93,78,165/92
男,172,60,86,81,170/88
男,175,65,99,88,175/96
男,171,86,106,104,175/104
女,157,54,85,71,160/88
女,157,51,87,69,160/84
女,156,70,103,92,160/100
女,160,62,93,83,160/92
女,165,63,88,80,165/92
女,155,60,90,76,160/92
女,155,50,87,75,160/84
女,160,63,94,80,160/96
女,160,58,95,80,160/92
男,175,60,87,75,175/88
男,176,75,92,80,175/96
女,160,45,78,64,160/80
男,178,66,98,80,175/92
男,168,60,82,73,170/88
女,155,48,86,88,160/84
男,168,63,90,83,170/92
男,169,83,105,99,170/104
男,166,55,86,77,165/88
男,165,50,81,69,165/84
男,170,59,90,63,170/92
男,175,84,103,98,175/104
男,168,86,107,107,170/108
男,162,75,110,93,165/104
女,150,46,84,76,155/84
男,165,72,97,95,165/100
女,165,53,84,73,165/84
女,165,59,93,81,165/92
男,173,70,93,83,175/92
女,156,55,89,73,160/88
男,167,80,103,97,170/104
女,155,48,80,90,160/84
女,162,68,100,82,165/100
男,175,105,122,133,180/120
男,165,73,96,95,165/96
男,168,66,95,82,170/96
男,180,95,76,67,175/84
男,170,65,95,81,170/96
男,175,85,103,96,175/104
女,158,70,108,95,165/104
女,160,61,89,80,160/92
女,160,53,89,74,160/88
女,165,70,108,100,170/104
男,175,70,95,90,175/96
男,169,68,90,86,170/96
女,165,55,89,76,165/88
男,168,65,90,81,170/92
女,163,60,101,75,165/92
女,164,75,107,93,170/104
男,170,65,95,89,170/96
男,170,64,91,87,170/92
男,168,59,89,79,170/92
男,175,60,89,77,175/88
男,167,63,92,86,170/96
男,168,55,98,88,170/92
男,172,87,99,96,175/104
男,170,73,98,88,170/96
男,167,83,109,98,170/108
男,165,65,96,88,165/96
女,161,68,104,85,165/100
男,168,65,90,82,170/92
男,173,75,96,92,175/100
男,169,63,94,90,170/92
男,170,69,92,94,170/96
男,175,80,102,97,175/104
男,170,75,99,94,170/100
男,160,52,92,81,165/92
女,158,52,86,75,160/84
男,171,68,97,89,170/96
男,165,89,104,106,170/108
男,165,60,84,76,165/88
男,170,55,90,90,170/92
男,170,75,97,91,170/100
男,173,59,87,80,175/88
男,165,60,94,87,165/92
女,160,55,92,77,160/88
男,162,77,105,96,165/104
男,165,44,78,69,165/84
男,170,68,93,84,170/96
男,170,65,89,79,170/92
男,178,90,106,105,180/108
男,170,71,97,100,170/100
男,165,63,96,89,165/96
男,168,65,93,94,170/96
男,169,85,107,95,175/108
男,178,92,109,104,180/108
女,157,44,81,68,160/80
男,167,55,85,77,170/88
男,171,62,88,83,170/92
男,178,70,98,85,180/96
男,172,85,97,95,175/100
女,150,60,100,97,160/96
男,170,78,98,89,170/100
男,160,85,115,99,170/108
女,162,57,89,75,165/88
女,160,58,89,79,160/92
男,175,80,105,97,175/104
男,170,85,102,92,170/104
男,170,71,94,92,170/96
男,170,56,86,86,170/88
男,169,60,100,86,170/96
女,160,55,90,76,160/88
男,166,60,88,81,165/92
男,165,77,104,100,170/104
男,165,80,103,108,165/104
女,159,64,95,88,160/96
女,159,77,107,92,165/104
女,165,62,92,75,165/92
男,163,70,112,95,165/104
男,170,69,93,90,170/96
男,162,65,98,92,165/96
男,165,60,92,90,165/92
男,170,64,95,79,170/92
男,180,90,119,108,180/112
男,165,66,92,87,165/96
男,164,55,86,77,165/88
男,172,74,99,92,170/100
女,157,43,85,68,160/80
男,165,55,87,79,165/88
女,162,69,96,81,165/96
男,172,67,96,85,170/96
男,175,62,88,85,175/92
男,173,64,89,82,175/92
女,168,64,93,82,170/92
男,165,65,97,93,165/96
男,168,63,98,88,170/96
男,165,61,93,80,165/92
男,168,64,90,84,170/92
女,164,60,93,73,165/92
男,175,70,92,93,175/96
男,171,69,97,94,170/96
男,160,68,102,95,165/100
男,167,67,95,88,170/96
男,182,86,109,97,180/108
男,166,63,118,84,165/96
男,170,70,103,90,170/100
男,165,55,96,92,165/92
女,158,47,79,73,160/84
女,152,56,93,79,160/92
男,178,60,85,77,175/88
男,176,87,103,96,175/104
男,162,70,102,99,165/100
男,175,80,103,94,175/104
男,165,65,100,92,165/96
男,166,70,92,92,170/96
男,167,72,105,96,170/100
男,162,58,87,85,165/92
男,175,90,106,102,175/108
女,160,55,95,86,160/92
男,169,65,98,92,170/96
女,160,53,90,80,160/88
女,160,53,88,82,160/88
女,160,57,90,74,160/88
女,165,48,85,60,165/84
男,170,77,99,97,170/100
男,170,62,90,81,170/92
男,180,63,90,83,180/92
女,156,57,95,72,160/92
男,171,67,113,88,170/100
男,168,58,93,82,170/92
男,168,70,92,91,170/96
男,165,76,105,97,170/104
男,166,85,101,108,170/108
男,170,90,106,98,175/108
男,169,64,90,85,170/92
女,162,54,85,70,165/88
男,167,72,102,94,170/100
男,169,60,92,94,170/92
男,177,90,107,97,180/108
男,165,66,94,87,165/96
男,168,65,86,83,170/92
男,,,91,80,170/92
男,170,60,100,85,170/96
男,164,70,99,92,165/100
男,170,68,101,87,170/96
男,166,75,107,99,170/104
男,168,60,96,87,170/96
女,161,65,98,80,165/96
男,164,65,95,94,165/96
男,172,70,102,78,175/96
女,160,61,92,80,160/92
男,185,90,111,105,185/108
女,168,59,87,77,170/92
男,170,70,95,88,170/96
男,165,64.5,92,86,165/92
男,173,85,106,100,175/104
男,172,60,90,76,170/88
男,167,47,80,76,170/84
男,165,75,102,99,165/100
男,170,75,103,103,170/104
男,171,67,93,94,170/96
男,170,78,106,93,170/104
男,168,88,106,105,170/104
男,165,76,103,99,165/104
男,165,69,98,98,165/96
男,168,70,96,100,170/96
男,162,60,100,92,165/96
男,172,70,94,86,170/96
男,170,79,101,94,170/104
男,176,75,104,96,175/100
男,160,63,100,90,165/96
男,164,72,103,93,165/100
男,174,89,106,102,175/108
男,174,84,104,96,175/104
男,165,80,106,101,165/104
女,164,48,81,70,165/80
男,174,92,112,106,175/108
女,158,56,90,73,160/88
男,170,80,99,91,170/104
男,168,55,86,76,170/88
男,168,68,92,86,170/96
女,160,67,106,101,165/100
女,160,50,90,71,160/84
女,161,60,90,78,160/92
女,167,50,84,71,165/84
女,158,52,86,72,160/84
女,155,54,89,72,160/88
男,173,74,96,91,175/96
女,160,54,96,80,160/92
女,160,54,88,78,160/88
女,155,48,90,77,160/84
女,156,55,88,75,160/88
女,160,52,89,84,160/88
女,167,58,87,79,170/88
女,160,59,93,78,160/92
女,162,50,88,68,165/84
男,180,75,103,91,180/100
男,171,67,97,87,170/96
男,162,70,104,94,165/100
男,180,70,103,96,180/100
男,182,62,86,83,175/88
女,158,47,89,79,160/88
男,166,78,104,92,165/104
女,165,59,91,75,165/92
男,169,78,102,98,170/104
男,168,76,95,93,170/100
男,180,107,113,109,180/116
男,180,80,110,104,180/104
男,170,75,97,93,170/100
男,170,58,89,82,170/92
男,173,75,95,94,175/100
男,165,60,92,82,165/92
男,170,56,92,74,170/88
男,163,52,89,81,165/88
男,162,60,90,82,165/92
男,162,57,88,86,165/92
男,165,80,110,102,170/108
男,170,62,91,82,170/92
男,165,65,96,83,165/96
男,177,74,101,84,175/100
男,164,67,88,80,165/92
男,165,76,103,97,165/104
男,174,67,89,76,175/92
男,172,65,97,89,170/96
男,175,136,,,175/92
女,155,104,,,155/88
男,170,122,,,170/92
男,183,230,,,185/120
男,175,155,,,175/100
男,160,130,,,165/96
男,166,110,,,165/88
男,175,174,,,175/104
男,172,128,,,170/92
男,170,120,,,170/88
男,183,160,,,185/100
男,170,150,,,170/100
男,170,145,,,170/96
男,173,118,,,175/88
男,171,124,,,170/92
女,160,106,,,160/88
男,160,130,,,165/92
男,175,146,,,175/96
女,162,104,,,165/84
男,173,130,,,175/92
男,175,110,,,175/88
男,178,170,,,180/104
男,174,200,,,175/112
男,180,180,,,180/108
男,172,136,,,175/92
男,178,145,,,180/96
女,155,100,,,160/84
女,163,116,89,80,165/88
女,164,106,84,73,165/84
女,153,94,86,70,155/84
女,162,104,87,75,165/88
女,156,90,86,68,160/80
女,156,98,,,160/84
女,163,125,92,80,165/92
女,160,100,86,70,160/84
女,165,110,88,76,165/88
女,160,138,97,86,165/100
男,170,155,98,88,170/100
女,167,126,92,80,170/92
女,167,124,91,78,170/92
男,,,107,95,175/104
女,157,97,84,72,160/84
女,155,80,76,64,155/80
女,163,120,90,83,165/92
女,155,106,88,72,160/88
女,160,51,88,74,160/88
女,162,58,94,78,165/92
男,180,162,102,93,180/100
男,175,146,96,90,175/96
女,158,115,92,78,160/92
男,175,145,,,175/96
女,170,140,96,87,175/100
女,166,120,,,170/92
男,176,180,105,102,180/108
男,167,155,102,92,170/100
女,154,100,86,75,160/88
女,156,103,86,73,160/88
男,175,160,105,93,175/104
男,173,136,96,87,175/96
男,182,170,104,95,185/104
男,170,130,94,83,170/92
男,170,150,,,170/100
男,170,144,102,88,170/100
男,175,160,103,93,175/104
男,183,170,,,185/104
男,172,116,87,77,175/88
男,175,150,97,92,175/100
女,165,122,91,76,170/92
男,172,154,,,175/100
男,175,162,,,175/104
女,160,120,92,78,165/92
男,165,95,82,70,165/84
男,185,180,,,185/108
女,158,96,,,160/84
男,173,160,112,98,175/108
男,173,156,,,175/100
男,178,180,107,100,180/108
男,172,128,92,76,175/92
男,180,156,,,180/100
男,178,134,93,85,180/92
女,155,92,87,70,155/84
女,165,106,86,78,165/88
男,172,160,106,98,175/104
男,176,160,103,98,175/104
男,180,190,113,98,180/112
男,171,136,95,85,170/96
男,177,160,101,93,180/100
男,175,145,104,91,175/104
男,175,170,104,98,175/104
男,175,160,98,97,175/104
男,175,180,112,101,175/112
男,165,120,93,85,165/92
男,169,135,101,91,170/96
男,169,139,99,90,170/100
女,158,130,97,83,165/96
男,174,130,85,86,175/92
男,172,120,,,175/88
男,173,156,100,95,175/100
男,182,150,100,95,180/100
男,165,124,92,78,165/92
男,175,160,107,99,175/104
男,165,128,99,89,165/96
女,158,115,,,160/92
女,160,110,,,160/88
男,175,175,105,97,175/104
男,175,148,100,88,175/100
男,172,160,102,94,175/104
男,170,146,101,93,170/100
男,170,180,114,98,175/112
女,165,130,,,170/96
男,172,130,89,80,175/92
男,170,180,,,175/108
男,178,165,104,94,180/104
女,155,100,,,155/88
男,175,165,,,175/104
男,175,150,,,175/100
男,170,170,108,98,170/108
女,165,126,96,86,165/96
女,165,108,88,74,170/88
男,172,145,98,90,175/96
男,173,120,94,80,175/92
男,175,160,,,175/104
女,160,120,93,80,160/92
男,180,150,98,88,180/100
男,172,,,,175/96
男,175,125,,,175/92
女,155,105,,,160/88
男,165,160,105,98,170/104
男,170,156,103,90,170/104
男,170,160,,,170/104
男,175,180,107,104,175/108
男,175,140,,,175/96
男,169,105,84,74,165/88
男,170,140,98,87,170/96
男,165,110,88,80,165/88
女,155,110,94,82,160/92
男,175,150,102,95,175/100
男,170,140,95,89,170/96
男,165,180,113,101,170/112
男,175,145,102,93,175/100
男,165,105,,,165/84
女,160,105,93,73,160/88
男,168,120,91,82,170/92
男,175,153,,,175/100
男,168,140,,,170/96
男,163,138,,,165/96
男,165,130,,,165/92
男,165,150,,,165/100
男,163,144,,,165/100
男,172,150,,,170/100
女,165,110,,,165/88
女,163,130,,,165/96
男,165,110,91,85,165/92
男,172,140,,,175/96
男,165,140,101,89,165/100
女,175,125,,,175/96
女,157,118,92,78,160/92
男,170,170,104,97,170/104
男,165,110,87,80,165/88
男,170,110,,,170/88
女,156,118,93,80,160/92
男,171,95,114,105,175/112
男,178,90,107,95,180/108
男,168,75,102,92,170/100
男,170,63,94,80,170/92
男,178,106,,,175/88
女,158,130,,,165/100
男,181,110,,,175/88
男,183,200,113,102,185/112
男,165,164,,,170/104
女,156,120,,,160/92
男,170,162,,,170/104
男,175,170,,,175/104
女,160,118,,,160/92
男,174,140,,,175/96
男,165,120,,,165/92
男,185,185,,,185/108
女,155,120,100,83,160/96
男,165,140,,,165/96
男,173,136,,,175/92
男,170,150,97,93,170/100
男,170,146,,,170/100
男,170,120,87,82,170/88
男,170,110,88,78,170/88
男,170,136,95,88,170/96
男,165,115,89,75,165/88
女,161,108,,,165/88
男,165,154,108,97,170/108
男,175,136,,,175/92
女,155,106,,,160/88
男,176,130,95,81,175/92
男,171,158,108,92,175/104
女,165,110,,,170/92
男,180,180,108,98,180/108
男,168,130,97,87,170/96
男,170,170,106,92,170/104
男,168,190,112,101,175/112
男,175,130,97,90,175/96
女,163,105,88,74,165/88
男,160,115,96,88,165/96
男,170,170,108,100,175/108
男,173,145,96,92,175/96
男,175,140,98,88,175/96
男,172,190,111,100,175/112
男,170,140,96,87,170/96
男,178,175,101,100,180/108
男,165,160,103,94,170/104
男,165,140,100,88,165/100
男,167,72,,,170/96
男,168,65,96,85,170/96
男,173,77,,,175/100
男,169,75,,,170/100
男,165,71,,,165/96
男,178,72,,,175/96
男,168,64,,,170/92
男,166,70,,,170/96
男,169,70,,,170/96
男,170,62,,,170/92
男,167,160,100,92,170/104
男,175,146,100,87,175/96
男,168,72,,,170/96
男,170,85,,,170/104
男,172,80,,,175/100
男,168,130,,,165/96
男,168,144,,,170/100
男,168,132,,,170/96
男,163,126,,,165/92
男,160,120,,,165/92
男,174,158,,,175/100
男,166,132,,,170/96
男,174,168,,,175/104
男,164,140,,,165/96
男,170,130,,,170/92
男,168,150,,,170/100
男,165,130,,,165/96
男,168,130,,,170/92
男,175,168,,,175/104
男,167,120,,,170/92
男,172,90,114,103,175/112
男,183,90,,,185/104
男,173,65,,,175/92
男,173,75,,,175/96
女,165,63,,,165/92
男,178,75,,,180/96
男,170,70,,,170/96
男,175,60,,,175/92
男,175,70,92,90,175/96
男,173,75,103,92,175/100
男,173,97,114,104,175/112
男,168,70,98,88,170/96
男,168,61,,,170/92
男,175,82,99,94,175/104
男,173,85,,,175/104
男,170,70,,,170/100
男,165,65,,,165/92
男,178,68,91,91,180/96
男,170,60,93,93,170/92
男,170,70,100,90,170/96
男,172,65,95,88,175/96
男,170,70,99,88,170/100
男,170,69,96,86,170/96
男,173,75,,,175/100
男,165,70,97,93,165/96
男,172,68,94,87,170/96
男,170,75,99,92,170/100
男,165,78,,,170/104
男,173,60,93,82,175/92
男,172,76,102,93,175/100
男,170,83,,,170/104
男,165,72,,,165/96
男,172,80,104,92,175/100
男,172,69,92,90,170/96
男,162,60,,,165/88
男,168,68,,,170/92
男,168,82,111,98,170/108
男,174,80,102,91,175/104
男,174,64,,,175/96
男,173,142,92,90,175/96
男,180,190,,,180/108
男,180,190,,,180/112
男,171,130,94,88,170/96
男,170,164,,,170/104
男,173,160,,,175/100
男,165,100,,,165/88
男,172,178,108,100,175/108
男,176,156,,,175/100
男,170,180,118,106,175/116
男,170,66,95,87,170/96
男,177,170,106,97,180/104
男,165,65,93,81,165/92
男,170,60,95,86,170/92
女,156,55,87,72,160/88
男,175,80,102,88,175/100
男,168,65,96,84,170/96
男,174,64,91,85,175/92
男,170,65,100,88,170/96
男,173,75,97,89,175/100
男,168,76,101,94,170/100
男,172,72,,,175/96
男,173,75,101,87,175/100
男,167,78,,,170/100
男,173,78,100,92,175/100
男,162,58,94,80,165/92
男,178,71,90,85,180/92
男,175,74,96,87,175/96
男,168,81,105,94,170/104
男,173,69,,,175/96
男,168,71,,,170/96
男,174,178,108,98,175/108
男,173,71,,,175/96
男,176,75,93,88,175/96
男,172,84,,,175/108
男,168,78,102,94,170/100
男,168,68,,,170/96
男,170,71,95,87,170/96
男,170,110,120,116,175/120
男,170,58,95,83,170/92
男,175,72,101,88,175/100
男,170,95,112,105,175/112
男,165,68,98,88,165/96
男,170,87,105,96,170/104
男,168,85,108,99,170/108
男,170,69,95,88,170/96
男,168,140,97,90,170/96
男,170,80,102,93,170/104
男,170,84,,,170/104
男,166,76,108,97,170/108
男,178,120,88,83,180/92
男,168,130,94,88,170/92
男,175,80,99,91,175/100
男,165,56,89,83,165/88
男,167,80,108,100,170/108
男,169,200,121,107,175/116
男,173,175,114,102,175/112
男,172,145,100,90,175/100
男,170,65,98,90,170/96
男,168,60,95,81,170/92
女,173,125,88,80,175/92
女,156,126,99,86,160/96
男,167,185,124,108,175/120
男,175,85,104,100,175/104
男,,,,,180/100
男,175,170,105,94,175/104
男,167,148,97,87,170/96
男,175,120,86,76,175/88
男,172,120,86,76,175/88
男,179,175,104,94,180/104
男,165,114,85,75,165/88
男,173,130,,,175/92
女,155,95,86,72,155/84
男,178,160,,,180/104
男,173,176,102,92,175/104
女,158,100,,,160/84
男,167,140,98,88,170/96
男,178,160,106,93,180/104
男,175,160,105,92,175/104
男,170,110,,,170/92
男,172,145,,,175/96
男,175,160,,,175/104
男,165,135,,,165/96
男,165,118,,,165/88
男,175,200,114,105,175/112
男,175,180,,,175/108
男,171,150,,,170/100
男,170,160,,,170/104
男,172,160,103,95,175/104
女,160,118,,,160/92
男,170,165,108,97,175/108
男,172,130,93,84,175/92
男,165,140,98,92,165/100
男,178,155,98,94,180/100
男,168,145,102,93,170/100
男,165,140,96,82,165/96
男,170,135,,,170/96
男,170,150,103,92,170/100
男,167,140,,,170/96
女,162,106,85,75,165/84
女,160,105,,,160/84
男,172,160,102,94,175/104
男,165,120,94,81,165/92
女,155,120,96,79,160/96
女,160,100,84,73,160/84
男,173,120,,,175/92
女,158,96,85,70,160/84
男,175,200,118,113,180/116
男,170,130,,,170/92
男,172,130,,,175/92
男,173,130,,,175/92
男,180,134,,,180/92
男,175,120,,,175/92
男,175,150,,,175/100
男,184,160,98,95,185/100
男,180,125,87,81,180/92
男,175,200,117,108,180/116
女,165,120,98,85,170/96
男,175,140,98,84,175/96
男,175,110,85,83,175/88
女,166,114,,,170/88
女,160,106,86,77,160/88
男,176,157,,,180/104
男,175,110,,,175/88
男,178,182,111,101,180/112
男,168,160,106,93,170/104
男,171,180,,,175/108
男,170,190,120,115,175/116
男,175,140,,,175/96
男,170,150,,,170/100
男,170,140,99,95,170/100
男,165,120,96,84,165/96
男,176,170,109,100,180/108
女,155,135,100,90,165/100
女,150,95,,,155/80
男,172,154,,,175/100
男,170,130,32,84,170/92
男,178,152,96,94,180/100
女,162,105,87,72,165/84
女,164,130,95,78,170/96
女,155,105,88,75,160/88
男,170,180,115,101,175/112
女,160,140,97,86,165/100
男,170,200,125,108,175/120
男,180,190,110,97,180/108
男,180,166,102,97,180/104
男,187,217,123,114,185/120
女,165,170,112,103,175/112
女,162,140,108,93,170/104
女,165,180,,,175/112
男,180,136,91,85,180/92
男,183,190,112,105,185/112
男,175,145,93,85,175/96
女,160,120,,,160/92
男,184,170,,,185/104
男,175,150,100,89,175/100
女,156,107,,,160/88
女,165,150,107,95,170/104
女,168,130,97,88,170/96
女,160,116,,,160/92
女,154,110,,,160/92
男,170,140,,,170/96
男,170,160,,,170/104
男,177,200,,,180/112
男,185,130,,,180/92
男,186,176,,,185/104
男,173,140,,,175/96
男,181,194,,,180/112
男,171,140,,,170/96
男,172,170,,,175/104
男,170,120,,,170/88
男,168,130,,,170/92
男,180,170,,,180/104
男,180,120,,,180/92
男,175,300,,,185/150
男,175,190,,,175/108
男,180,122,,,180/92
男,182,156,,,185/100
男,177,154,,,180/100
男,175,150,,,175/96
男,173,156,,,175/100
男,183,120,,,180/92
男,176,180,,,180/108
男,175,140,,,175/96
男,172,190,,,175/108
男,175,180,,,175/108
男,176,140,,,175/96
男,175,150,,,175/100
男,182,180,,,185/104
男,180,150,,,180/100
男,175,120,,,175/92
男,182,210,,,185/116
男,170,150,,,170/100
男,170,120,,,170/92
男,170,126,,,170/92
男,170,152,,,170/100
男,170,124,,,170/92
男,183,80,,,180/100
男,178,110,,,180/92
男,170,130,,,170/92
男,180,220,,,185/130
男,175,200,,,180/112
男,178,160,,,180/104
男,180,130,,,180/92
女,170,130,,,170/96
女,2,137,,,165/96
女,165,120,,,165/92
女,162,98,,,165/84
女,160,150,,,165/104
女,165,160,,,170/108
女,170,135,,,175/96
女,163,150,,,170/104
女,169,140,,,175/96
女,163,120,,,170/92
女,166,140,,,170/100
女,163,184,,,175/116
女,166,116,,,170/92
女,164,110,,,170/92
女,158,150,,,165/104
女,160,170,,,170/112
女,159,150,,,165/104
女,168,146,,,175/100
女,167,112,,,170/92
女,160,150,,,170/104
女,165,130,,,170/96
女,166,105,,,170/88
女,164,146,,,170/100
女,165,126,,,170/96
女,160,125,,,165/92
女,162,120,,,170/92
女,160,107,,,165/88
女,167,102,,,170/88
女,158,95,,,160/84
女,165,106,,,170/92
女,160,156,,,165/104
男,160,100,,,165/84
男,168,140,,,170/96
女,156,109,,,160/88
男,168,106,,,170/88
男,167,92,,,170/84
男,162,130,92,95,165/92
男,180,160,100,90,180/100
男,175,138,88,82,175/92
男,174,136,81,90,175/92
男,177,140,100,90,180/96
男,175,160,98,98,175/100
男,177,198,115,105,180/112
男,170,168,104,104,170/104
女,158,120,98,82,165/92
男,180,203,121,129,180/116
男,185,200,120,121,185/112
男,176,160,102,92,180/100
男,175,165,104,95,175/104
男,175,164,100,102,175/104
男,180,180,100,96,180/108
男,175,153,99,87,175/100
女,166,101.8,86,66,165/84
男,170,130,88.5,80,170/92
男,170,130,88,76,170/92
女,160,98,65,59,160/80
男,172,160,105,105,175/104
女,165,140,100,95,170/100
男,175,190,105,110,175/112
男,163,140,100,100,165/96
男,168,170,110,110,170/108
女,172,135,100,95,175/96
男,180,185,115,95,180/108
男,180,180,115,95,180/108
男,175,175,105,95,175/104
女,163,108,91,77,165/88
女,160,95,81,71,160/84
男,165,114,98,76.59,165/88
男,165,134,86,88,165/96
女,160,110,96,75,160/90
男,165,130,96,95,165/96
女,156,125,100,90,160/100
女,160,98,88,72,160/84
男,171,176,116,100,175/108
女,164,140,100,90,170/100
女,160,96,88,68,160/84
女,168,110,90,76,170/92
女,164,122,96,82,165/92
女,162,94,80,69,165/84
女,165,122,96,82,170/92
男,175,156,100,90,175/100
男,165,140,95,95,165/96
男,170,140,95,85,170/96
男,170,150,95,83,170/100
男,170,142,95,91,170/96
男,168,124,91,80,170/92
男,174,160,104,90,175/104
女,155,108,98,77,160/88
女,156,98,83,68,160/84
女,168,116,88,80,170/92
男,170,110,98,78,170/88
女,164,145,110,88,170/104
女,150,98,90,72,155/84
男,173,155,108,96,175/100
男,175,142,100,86,175/96
男,172,160,92,90,175/104
女,165,120,90,76,165/92
男,178,156,105,86,180/100
男,168,166,108,100,170/104
男,175,150,100,96,175/100
男,168,160,100,97,170/104
男,174,140,92,85,175/96
男,172,115,92,80,175/88
男,171,136,98,96,170/96
男,170,146,105,97,170/100
男,170,185,110,105,175/108
男,167,142,112,94,170/100
女,161,96,80,60,160/84
男,171,180,110,100,175/108
女,159,110,80,80,160/88
女,160,101,85,74,160/84
女,153,104,90,80,155/88
女,160,110,92,80,160/92
男,175,200,120,115,180/112
男,175,140,95,85,175/96
男,160,136,100,85,165/96
男,175,165,110,100,175/104
女,160,102,82,68,160/84
男,178,168,103,100,180/104
男,180,175,100,100,180/104
男,175,180,110,110,175/108
男,171,152,100,93,170/100
男,173,166,100,92,175/104
男,170,180,114,110,175/108
男,170,138,98,93,170/96
女,158,110,93,78,160/88
女,173,150,97,101,175/100
女,165,130,92,86,170/92
男,175,126,96,90,175/92
男,178,180,105,94,180/104
男,178,185,,,180/108
男,167,158,,,170/104
男,170,160,94,98,170/104
女,173,111,88,70,175/92
男,168,114,88,80,170/88
男,174,158,94,100,175/100
男,190,170,85,100,185/104
男,168,156,110,109.89,170/104
男,172,145,105,100,175/96
男,168,140,100,88.8,170/96
女,160,105,90,72,160/88
男,175,140,91,86,175/96
女,155,100,84,66,160/84
女,160,109,90,72,160/88
男,173,145,89,86,175/96
男,171,154,110,93.24,170/100
男,178,135,85,83,180/92
男,170,140,100,88,170/96
男,170,129,106,96,170/92
女,160,140,97,95,165/100
男,170,175,110,105,175/108
女,158,118,92,80,165/92
男,174,175,106,102,175/104
男,175,155,92,98,175/100
男,175,160,107,106,175/104
男,172,152,95,100,175/100
男,170,180,115,115,175/108
男,170,140,98,90,170/96
女,160,90,84,72,160/84
女,155,84,85,64,155/80
男,180,170,96,100,180/104
男,180,150,96,100,180/100
女,165,128,95,85,170/96
男,172,70,94,97,170/96
男,166,59,93,90,165/92
男,165,64,95,94,165/92
男,180,84,100,103,180/104
男,170,72.5,94,90,170/100
男,162,55,93,90,165/92
男,175,65,98,92,175/92
男,165,71,108,79,165/100
男,165,60,85,83,165/92
男,165,70,90,88,165/96
男,170,75,98,92,170/100
男,181,80,100,92,180/100
男,171,63,95,90,170/96
男,174,80,100,96,175/104
男,178,78,98,92,180/100
男,172,68,92,90,170/96
男,173,64,91,86,175/92
男,170,70,98,95,170/96
男,173,78,100,90,175/100
男,168,78,102,102,170/104
男,178,90,108,94,180/108
男,170,76,108,98,170/104
男,170,58,88,80,170/88
男,170,70,85,88,170/96
男,165,65,92,88,165/92
男,182,74,92,88,180/96
男,170,67.5,100,90,170/96
男,173,84,98,96,175/104
男,180,79,97,90,180/100
男,172,73,94,88,175/96
男,175,75,94,88,175/96
男,165,70,100,95,165/100
男,175,88,108,98,175/108
男,176,97,112,101,180/112
男,174,75,100,95,170/100
男,167,72,106,105,170/100
男,173,66,100,94,175/96
男,167,72,108,105,170/100
男,165,65,92,85,165/96
男,170,78,104,96,170/104
男,156,82.2,109,100,170/108
男,170,77,104,96,170/100
男,170,70,95,85,170/96
男,170,76,98,96,170/100
男,170,54,90,80,170/88
男,170,90,108,107,170/108
男,170,72,95,93,170/96
男,165,88,112,109,170/108
男,170,73,98,87,170/96
男,165,52,90,90,165/84
男,175,73,100,92,175/100
男,175,86,96,95,175/104
男,180,65,90,83,180/92
男,167,67,98,92,165/96
男,173,83,100,98,175/104
男,169,75,103,98,170/100
男,171,80,103,98,170/104
男,170,63,88,84,170/92
男,167,67,98,92,170/96
男,166,60,88,78,165/88
男,165,62,98,86,165/92
